"Name","Type","Category","Power","Accuracy","PP","Priority","Effect","EffectChance","MinHits","MaxHits","Target","Contact","Sound","Punch","Bite","Pulse","Bullet","Slicing","Recoil"
"10-000-000-volt-thunderbolt","electric","special","195","","1","0","Inflicts regular damage with no additional effect.","","","","selected-pokemon","","","","","","","",""
"absorb","grass","special","20","100","20","0","Drains half the damage inflicted to heal the user.","","","","selected-pokemon","","","","","","","",""
"accelerock","rock","physical","40","100","20","1","Inflicts regular damage with no additional effect.","","","","selected-pokemon","","","","","","","",""
"acid","poison","special","40","100","20","0","Has a $effect_chance% chance to lower the target’s Special Defense by one stage.","10","","","all-opponents","","","","","","","",""
"acid-armor","poison","status","","","20","0","Raises the user’s Defense by two stages.","","","","user","","","","","","","",""
"acid-downpour--physical","poison","physical","","","1","0","Inflicts regular damage with no additional effect.","","","","selected-pokemon","","","","","","","",""
"acid-downpour--special","poison","special","","","1","0","Inflicts regular damage with no additional effect.","","","","selected-pokemon","","","","","","","",""
"acid-spray","poison","special","40","100","20","0","Lowers the target’s Special Defense by two stages.","100","","","selected-pokemon","","","","","","","",""
"acrobatics","flying","physical","55","100","16","0","Has double power if the user has no held item.","","","","selected-pokemon","","","","","","","",""
"acupressure","normal","status","","","20","0","Raises one of a friendly Pokémon’s stats at random by two stages.","","","","user-or-ally","","","","","","","",""
"aerial-ace","flying","physical","60","","20","0","Never misses.","","","","selected-pokemon","","","","","","","",""
"aeroblast","flying","special","100","95","8","0","Has an increased chance for a critical hit.","","","","selected-pokemon","","","","","","","",""
"after-you","normal","status","","","16","0","Makes the target act next this turn.","","","","selected-pokemon","","","","","","","",""
"agility","psychic","status","","","20","0","Raises the user’s Speed by two stages.","","","","user","","","","","","","",""
"air-cutter","flying","special","60","95","20","0","Has an increased chance for a critical hit.","","","","all-opponents","","","","","","","",""
"air-slash","flying","special","75","95","16","0","Has a $effect_chance% chance to make the target flinch.","30","","","selected-pokemon","","","","","","","",""
"all-out-pummeling--special","fighting","special","","","1","0","Inflicts regular damage with no additional effect.","","","","selected-pokemon","","","","","","","",""
"all-out-pummeling--physical","fighting","physical","","","1","0","Inflicts regular damage with no additional effect.","","","","selected-pokemon","","","","","","","",""
"alluring-voice","fairy","special","80","100","12","0","","","","","selected-pokemon","","","","","","","",""
"ally-switch","psychic","status","","","16","2","User switches places with the friendly Pokémon opposite it.","","","","user","","","","","","","",""
"amnesia","psychic","status","","","20","0","Raises the user’s Special Defense by two stages.","","","","user","","","","","","","",""
"anchor-shot","steel","physical","80","100","20","0","Traps the target.","","","","selected-pokemon","","","","","","","",""
"ancient-power","rock","special","60","100","8","0","Has a $effect_chance% chance to raise all of the user’s stats by one stage.","10","","","selected-pokemon","","","","","","","",""
"apple-acid","grass","special","90","100","12","0","","100","","","selected-pokemon","","","","","","","",""
"aqua-cutter","water","physical","70","100","20","0","","","","","selected-pokemon","","","","","","","",""
"aqua-jet","water","physical","40","100","20","1","Inflicts regular damage with no additional effect.","","","","selected-pokemon","","","","","","","",""
"aqua-ring","water","status","","","20","0","Restores 1/16 of the user’s max HP each turn.","","","","user","","","","","","","",""
"aqua-step","water","physical","80","100","12","0","","","","","selected-pokemon","","","","","","","",""
"aqua-tail","water","physical","90","90","12","0","Inflicts regular damage with no additional effect.","","","","selected-pokemon","","","","","","","",""
"arm-thrust","fighting","physical","15","100","20","0","Hits 2-5 times in one turn.","","2","5","selected-pokemon","","","","","","","",""
"armor-cannon","fire","special","120","100","8","0","","","","","selected-pokemon","","","","","","","",""
"aromatherapy","grass","status","","","8","0","Cures the entire party of major status effects.","","","","user-and-allies","","","","","","","",""
"aromatic-mist","fairy","status","","","20","0","Raises a selected ally’s Special Defense by one stage.","","","","ally","","","","","","","",""
"assist","normal","status","","","20","0","Randomly selects and uses one of the trainer’s other Pokémon’s moves.","","","","user","","","","","","","",""
"assurance","dark","physical","60","100","12","0","Power is doubled if the target has already received damage this turn.","","","","selected-pokemon","","","","","","","",""
"astonish","ghost","physical","30","100","16","0","Has a $effect_chance% chance to make the target flinch.","30","","","selected-pokemon","","","","","","","",""
"astral-barrage","ghost","special","120","100","8","0","Inflicts regular damage with no additional effect.","","","","all-opponents","","","","","","","",""
"attack-order","bug","physical","90","100","16","0","Has an increased chance for a critical hit.","","","","selected-pokemon","","","","","","","",""
"attract","normal","status","","100","16","0","Target falls in love if it has the opposite gender, and has a 50% chance to refuse attacking the user.","","","","selected-pokemon","","","","","","","",""
"aura-sphere","fighting","special","80","","20","0","Never misses.","","","","selected-pokemon","","","","","","","",""
"aura-wheel","electric","physical","110","100","12","0","","100","","","selected-pokemon","","","","","","","",""
"aurora-beam","ice","special","65","100","20","0","Has a $effect_chance% chance to lower the target’s Attack by one stage.","10","","","selected-pokemon","","","","","","","",""
"aurora-veil","ice","status","","","20","0","Reduces damage five turns, but must be used during hail.","","","","users-field","","","","","","","",""
"autotomize","steel","status","","","16","0","Raises the user’s Speed by two stages and halves the user’s weight.","","","","user","","","","","","","",""
"avalanche","ice","physical","60","100","12","-4","Inflicts double damage if the user takes damage before attacking this turn.","","","","selected-pokemon","","","","","","","",""
"axe-kick","fighting","physical","120","90","12","0","","","","","selected-pokemon","","","","","","","",""
"baby-doll-eyes","fairy","status","","100","20","1","Lowers the target’s Attack by one stage.","","","","selected-pokemon","","","","","","","",""
"baddy-bad","dark","special","80","95","16","0","Inflicts regular damage with no additional effect.","","","","selected-pokemon","","","","","","","",""
"baneful-bunker","poison","status","","","12","4","Grants the user protection for the rest of the turn and poisons any Pokémon that tries to use a contact move on it.","","","","user","","","","","","","",""
"barb-barrage","poison","physical","60","100","12","0","","","","","selected-pokemon","","","","","","","",""
"barrage","normal","physical","15","85","20","0","Hits 2-5 times in one turn.","","2","5","selected-pokemon","","","","","","","",""
"barrier","psychic","status","","","20","0","Raises the user’s Defense by two stages.","","","","user","","","","","","","",""
"baton-pass","normal","status","","","20","0","Allows the trainer to switch out the user and pass effects along to its replacement.","","","","user","","","","","","","",""
"beak-blast","flying","physical","120","100","8","-3","Inflicts a burn on any Pokémon that makes contact before the attack.","","","","selected-pokemon","","","","","","","",""
"beat-up","dark","physical","","100","12","0","Hits once for every conscious Pokémon the trainer has.","","6","6","selected-pokemon","","","","","","","",""
"behemoth-bash","steel","physical","100","100","8","0","","","","","selected-pokemon","","","","","","","",""
"behemoth-blade","steel","physical","100","100","8","0","","","","","selected-pokemon","","","","","","","",""
"belch","poison","special","120","90","12","0","Can only be used after the user has eaten a berry.","","","","selected-pokemon","","","","","","","",""
"belly-drum","normal","status","","","12","0","User pays half its max HP to max out its Attack.","","","","user","","","","","","","",""
"bestow","normal","status","","","16","0","Gives the user’s held item to the target.","","","","selected-pokemon","","","","","","","",""
"bide","normal","physical","","","12","1","User waits for two turns, then hits back for twice the damage it took.","","","","user","","","","","","","",""
"bind","normal","physical","15","85","20","0","Prevents the target from fleeing and inflicts damage for 2-5 turns.","100","","","selected-pokemon","","","","","","","",""
"bite","dark","physical","60","100","20","0","Has a $effect_chance% chance to make the target flinch.","30","","","selected-pokemon","","","","","","","",""
"bitter-blade","fire","physical","90","100","12","0","","","","","selected-pokemon","","","","","","","",""
"bitter-malice","ghost","special","75","100","12","0","","","","","selected-pokemon","","","","","","","",""
"black-hole-eclipse--physical","dark","physical","","","1","0","Inflicts regular damage with no additional effect.","","","","selected-pokemon","","","","","","","",""
"black-hole-eclipse--special","dark","special","","","1","0","Inflicts regular damage with no additional effect.","","","","selected-pokemon","","","","","","","",""
"blast-burn","fire","special","150","90","8","0","User foregoes its next turn to recharge.","","","","selected-pokemon","","","","","","","",""
"blaze-kick","fire","physical","85","90","12","0","Has an increased chance for a critical hit and a $effect_chance% chance to burn the target.","10","","","selected-pokemon","","","","","","","",""
"blazing-torque","fire","physical","80","100","12","0","","","","","selected-pokemon","","","","","","","",""
"bleakwind-storm","flying","special","100","80","12","0","","","","","all-opponents","","","","","","","",""
"blizzard","ice","special","110","70","8","0","Has a $effect_chance% chance to freeze the target.","10","","","all-opponents","","","","","","","",""
"block","normal","status","","","8","0","Prevents the target from leaving battle.","","","","selected-pokemon","","","","","","","",""
"blood-moon","normal","special","140","100","8","0","","","","","selected-pokemon","","","","","","","",""
"bloom-doom--special","grass","special","","","1","0","Inflicts regular damage with no additional effect.","","","","selected-pokemon","","","","","","","",""
"bloom-doom--physical","grass","physical","","","1","0","Inflicts regular damage with no additional effect.","","","","selected-pokemon","","","","","","","",""
"blue-flare","fire","special","130","85","8","0","Has a $effect_chance% chance to burn the target.","20","","","selected-pokemon","","","","","","","",""
"body-press","fighting","physical","80","100","12","0","","","","","selected-pokemon","","","","","","","",""
"body-slam","normal","physical","85","100","16","0","Has a $effect_chance% chance to paralyze the target.","30","","","selected-pokemon","","","","","","","",""
"bolt-beak","electric","physical","85","100","12","0","","","","","selected-pokemon","","","","","","","",""
"bolt-strike","electric","physical","130","85","8","0","Has a $effect_chance% chance to paralyze the target.","20","","","selected-pokemon","","","","","","","",""
"bone-club","ground","physical","65","85","20","0","Has a $effect_chance% chance to make the target flinch.","10","","","selected-pokemon","","","","","","","",""
"bone-rush","ground","physical","30","90","12","0","Hits 2-5 times in one turn.","","2","5","selected-pokemon","","","","","","","",""
"bonemerang","ground","physical","50","90","12","0","Hits twice in one turn.","","2","2","selected-pokemon","","","","","","","",""
"boomburst","normal","special","140","100","12","0","Inflicts regular damage.","","","","all-other-pokemon","","","","","","","",""
"bounce","flying","physical","85","85","8","0","User bounces high into the air, dodging all attacks, and hits next turn.","30","","","selected-pokemon","","","","","","","",""
"bouncy-bubble","water","special","60","100","20","0","Inflicts regular damage with no additional effect.","","","","selected-pokemon","","","","","","","",""
"branch-poke","grass","physical","40","100","20","0","Inflicts regular damage with no additional effect.","","","","selected-pokemon","","","","","","","",""
"brave-bird","flying","physical","120","100","16","0","User receives 1/3 the damage inflicted in recoil.","","","","selected-pokemon","","","","","","","",""
"breaking-swipe","dragon","physical","60","100","16","0","Lowers the target’s Attack by one stage after inflicting damage.","100","","","all-opponents","","","","","","","",""
"breakneck-blitz--special","normal","special","","","1","0","Inflicts regular damage with no additional effect.","","","","selected-pokemon","","","","","","","",""
"breakneck-blitz--physical","normal","physical","","","1","0","Inflicts regular damage with no additional effect.","","","","selected-pokemon","","","","","","","",""
"brick-break","fighting","physical","75","100","16","0","Destroys Reflect and Light Screen.","","","","selected-pokemon","","","","","","","",""
"brine","water","special","65","100","12","0","Has double power against Pokémon that have less than half their max HP remaining.","","","","selected-pokemon","","","","","","","",""
"brutal-swing","dark","physical","60","100","20","0","Inflicts regular damage with no additional effect.","","","","all-other-pokemon","","","","","","","",""
"bubble","water","special","40","100","20","0","Has a $effect_chance% chance to lower the target’s Speed by one stage.","10","","","all-opponents","","","","","","","",""
"bubble-beam","water","special","65","100","20","0","Has a $effect_chance% chance to lower the target’s Speed by one stage.","10","","","selected-pokemon","","","","","","","",""
"bug-bite","bug","physical","60","100","20","0","If target has a berry, inflicts double damage and uses the berry.","","","","selected-pokemon","","","","","","","",""
"bug-buzz","bug","special","90","100","12","0","Has a $effect_chance% chance to lower the target’s Special Defense by one stage.","10","","","selected-pokemon","","","","","","","",""
"bulk-up","fighting","status","","","20","0","Raises the user’s Attack and Defense by one stage.","","","","user","","","","","","","",""
"bulldoze","ground","physical","60","100","20","0","Has a $effect_chance% chance to lower the target’s Speed by one stage.","100","","","all-other-pokemon","","","","","","","",""
"bullet-punch","steel","physical","40","100","20","1","Inflicts regular damage with no additional effect.","","","","selected-pokemon","","","","","","","",""
"bullet-seed","grass","physical","25","100","20","0","Hits 2-5 times in one turn.","","2","5","selected-pokemon","","","","","","","",""
"burn-up","fire","special","130","100","8","0","Removes the user’s fire type after inflicting damage.","","","","selected-pokemon","","","","","","","",""
"burning-bulwark","fire","status","0","0","12","4","","","","","user","","","","","","","",""
"burning-jealousy","fire","special","70","100","8","0","Inflicts regular damage with no additional effect.","100","","","all-opponents","","","","","","","",""
"buzzy-buzz","electric","special","60","100","20","0","Inflicts regular damage with no additional effect.","100","","","selected-pokemon","","","","","","","",""
"calm-mind","psychic","status","","","20","0","Raises the user’s Special Attack and Special Defense by one stage.","","","","user","","","","","","","",""
"camouflage","normal","status","","","20","0","User’s type changes to match the terrain.","","","","user","","","","","","","",""
"captivate","normal","status","","100","20","0","Lowers the target’s Special Attack by two stages if it’s the opposite gender.","","","","all-opponents","","","","","","","",""
"catastropika","electric","physical","210","","1","0","Inflicts regular damage with no additional effect.","","","","selected-pokemon","","","","","","","",""
"ceaseless-edge","dark","physical","65","90","16","0","","","","","selected-pokemon","","","","","","","",""
"celebrate","normal","status","","","20","0","Does nothing.","","","","user","","","","","","","",""
"charge","electric","status","","","20","0","Raises the user’s Special Defense by one stage.  User’s Electric moves have doubled power next turn.","","","","user","","","","","","","",""
"charge-beam","electric","special","50","90","12","0","Has a $effect_chance% chance to raise the user’s Special Attack by one stage.","70","","","selected-pokemon","","","","","","","",""
"charm","fairy","status","","100","20","0","Lowers the target’s Attack by two stages.","","","","selected-pokemon","","","","","","","",""
"chatter","flying","special","65","100","20","0","Has a higher chance to confuse the target when the recorded sound is louder.","100","","","selected-pokemon","","","","","","","",""
"chilling-water","water","special","50","100","20","0","","","","","selected-pokemon","","","","","","","",""
"chilly-reception","ice","status","0","","12","0","","","","","entire-field","","","","","","","",""
"chip-away","normal","physical","70","100","20","0","Ignores the target’s stat modifiers.","","","","selected-pokemon","","","","","","","",""
"chloroblast","grass","special","150","95","8","0","","","","","selected-pokemon","","","","","","","",""
"circle-throw","fighting","physical","60","90","12","-6","Ends wild battles.  Forces trainers to switch Pokémon.","","","","selected-pokemon","","","","","","","",""
"clamp","water","physical","35","85","16","0","Prevents the target from fleeing and inflicts damage for 2-5 turns.","100","","","selected-pokemon","","","","","","","",""
"clanging-scales","dragon","special","110","100","8","0","Lowers the user’s Defense by one stage after inflicting damage.","100","","","all-opponents","","","","","","","",""
"clangorous-soul","dragon","status","","100","8","0","","100","","","user","","","","","","","",""
"clangorous-soulblaze","dragon","special","185","","1","0","Inflicts damage to all opposing Pokémon and increases the user’s Attack, Defense, Special Attack, Special Defense, and Speed by one stage each.","100","","","all-opponents","","","","","","","",""
"clear-smog","poison","special","50","","16","0","Removes all of the target’s stat modifiers.","","","","selected-pokemon","","","","","","","",""
"close-combat","fighting","physical","120","100","8","0","Lowers the user’s Defense and Special Defense by one stage after inflicting damage.","100","","","selected-pokemon","","","","","","","",""
"coaching","fighting","status","","","12","0","Inflicts regular damage with no additional effect.","100","","","user-and-allies","","","","","","","",""
"coil","poison","status","","","20","0","Raises the user’s Attack, Defense, and accuracy by one stage each.","","","","user","","","","","","","",""
"collision-course","fighting","physical","100","100","8","0","","","","","selected-pokemon","","","","","","","",""
"combat-torque","fighting","physical","100","100","12","0","","","","","selected-pokemon","","","","","","","",""
"comet-punch","normal","physical","18","85","16","0","Hits 2-5 times in one turn.","","2","5","selected-pokemon","","","","","","","",""
"comeuppance","dark","physical","1","100","12","0","","","","","specific-move","","","","","","","",""
"confide","normal","status","","","20","0","Lowers the target’s Special Attack by one stage.","100","","","selected-pokemon","","","","","","","",""
"confuse-ray","ghost","status","","100","12","0","Confuses the target.","","","","selected-pokemon","","","","","","","",""
"confusion","psychic","special","50","100","20","0","Has a $effect_chance% chance to confuse the target.","10","","","selected-pokemon","","","","","","","",""
"constrict","normal","physical","10","100","20","0","Has a $effect_chance% chance to lower the target’s Speed by one stage.","10","","","selected-pokemon","","","","","","","",""
"continental-crush--special","rock","special","","","1","0","Inflicts regular damage with no additional effect.","","","","selected-pokemon","","","","","","","",""
"continental-crush--physical","rock","physical","","","1","0","Inflicts regular damage with no additional effect.","","","","selected-pokemon","","","","","","","",""
"conversion","normal","status","","","20","0","User’s type changes to the type of one of its moves at random.","","","","user","","","","","","","",""
"conversion-2","normal","status","","","20","0","Changes the user’s type to a random type either resistant or immune to the last move used against it.","","","","selected-pokemon","","","","","","","",""
"copycat","normal","status","","","20","0","Uses the target’s last used move.","","","","user","","","","","","","",""
"core-enforcer","dragon","special","100","100","12","0","Nullifies the target’s ability if it moves earlier.","","","","all-opponents","","","","","","","",""
"corkscrew-crash--special","steel","special","","","1","0","Inflicts regular damage with no additional effect.","","","","selected-pokemon","","","","","","","",""
"corkscrew-crash--physical","steel","physical","","","1","0","Inflicts regular damage with no additional effect.","","","","selected-pokemon","","","","","","","",""
"corrosive-gas","poison","status","","100","20","0","Inflicts regular damage with no additional effect.","","","","all-other-pokemon","","","","","","","",""
"cosmic-power","psychic","status","","","20","0","Raises the user’s Defense and Special Defense by one stage.","","","","user","","","","","","","",""
"cotton-guard","grass","status","","","12","0","Raises the user’s Defense by three stages.","","","","user","","","","","","","",""
"cotton-spore","grass","status","","100","20","0","Lowers the target’s Speed by two stages.","","","","all-opponents","","","","","","","",""
"counter","fighting","physical","","100","20","-5","Inflicts twice the damage the user received from the last physical hit it took.","","","","specific-move","","","","","","","",""
"court-change","normal","status","","100","12","0","","","","","entire-field","","","","","","","",""
"covet","normal","physical","60","100","20","0","Takes the target’s item.","","","","selected-pokemon","","","","","","","",""
"crabhammer","water","physical","100","95","12","0","Has an increased chance for a critical hit.","","","","selected-pokemon","","","","","","","",""
"crafty-shield","fairy","status","","","12","3","Protects all friendly Pokémon from non-damaging moves.","","","","users-field","","","","","","","",""
"cross-chop","fighting","physical","100","80","8","0","Has an increased chance for a critical hit.","","","","selected-pokemon","","","","","","","",""
"cross-poison","poison","physical","70","100","20","0","Has an increased chance for a critical hit and a $effect_chance% chance to poison the target.","10","","","selected-pokemon","","","","","","","",""
"crunch","dark","physical","80","100","16","0","Has a $effect_chance% chance to lower the target’s Defense by one stage.","20","","","selected-pokemon","","","","","","","",""
"crush-claw","normal","physical","75","95","12","0","Has a $effect_chance% chance to lower the target’s Defense by one stage.","50","","","selected-pokemon","","","","","","","",""
"crush-grip","normal","physical","","100","8","0","Power increases against targets with more HP remaining, up to a maximum of 121 power.","","","","selected-pokemon","","","","","","","",""
"curse","ghost","status","","","12","0","Ghosts pay half their max HP to hurt the target every turn.  Others decrease Speed but raise Attack and Defense.","","","","specific-move","","","","","","","",""
"cut","normal","physical","50","95","20","0","Inflicts regular damage with no additional effect.","","","","selected-pokemon","","","","","","","",""
"dark-pulse","dark","special","80","100","16","0","Has a $effect_chance% chance to make the target flinch.","20","","","selected-pokemon","","","","","","","",""
"dark-void","dark","status","","50","12","0","Puts the target to sleep.","","","","all-opponents","","","","","","","",""
"darkest-lariat","dark","physical","85","100","12","0","Ignores the target’s stat modifiers.","","","","selected-pokemon","","","","","","","",""
"dazzling-gleam","fairy","special","80","100","12","0","Inflicts regular damage with no additional effect.","","","","all-opponents","","","","","","","",""
"decorate","fairy","status","","","16","0","","100","","","selected-pokemon","","","","","","","",""
"defend-order","bug","status","","","12","0","Raises the user’s Defense and Special Defense by one stage.","","","","user","","","","","","","",""
"defense-curl","normal","status","","","20","0","Raises user’s Defense by one stage.","","","","user","","","","","","","",""
"defog","flying","status","","","16","0","Lowers the target’s evasion by one stage.  Removes field effects from the enemy field.","","","","selected-pokemon","","","","","","","",""
"destiny-bond","ghost","status","","","8","0","If the user faints this turn, the target automatically will, too.","","","","user","","","","","","","",""
"detect","fighting","status","","","8","4","Prevents any moves from hitting the user this turn.","","","","user","","","","","","","",""
"devastating-drake--special","dragon","special","","","1","0","Inflicts regular damage with no additional effect.","","","","selected-pokemon","","","","","","","",""
"devastating-drake--physical","dragon","physical","","","1","0","Inflicts regular damage with no additional effect.","","","","selected-pokemon","","","","","","","",""
"diamond-storm","rock","physical","100","95","8","0","Has a $effect_chance% chance to raise the user’s Defense by two stages for each target hit.","50","","","all-opponents","","","","","","","",""
"dig","ground","physical","80","100","12","0","User digs underground, dodging all attacks, and hits next turn.","","","","selected-pokemon","","","","","","","",""
"dire-claw","poison","physical","80","100","16","0","","","","","selected-pokemon","","","","","","","",""
"disable","normal","status","","100","20","0","Disables the target’s last used move for 1-8 turns.","","","","selected-pokemon","","","","","","","",""
"disarming-voice","fairy","special","40","","16","0","Never misses.","","","","all-opponents","","","","","","","",""
"discharge","electric","special","80","100","16","0","Has a $effect_chance% chance to paralyze the target.","30","","","all-other-pokemon","","","","","","","",""
"dive","water","physical","80","100","12","0","User dives underwater, dodging all attacks, and hits next turn.","","","","selected-pokemon","","","","","","","",""
"dizzy-punch","normal","physical","70","100","12","0","Has a $effect_chance% chance to confuse the target.","20","","","selected-pokemon","","","","","","","",""
"doodle","normal","status","0","100","12","0","","","","","selected-pokemon","","","","","","","",""
"doom-desire","steel","special","140","100","8","0","Hits the target two turns later.","","","","selected-pokemon","","","","","","","",""
"double-hit","normal","physical","35","90","12","0","Hits twice in one turn.","","2","2","selected-pokemon","","","","","","","",""
"double-iron-bash","steel","physical","60","100","8","0","Hits twice in one turn.","30","2","2","selected-pokemon","","","","","","","",""
"double-kick","fighting","physical","30","100","20","0","Hits twice in one turn.","","2","2","selected-pokemon","","","","","","","",""
"double-shock","electric","physical","120","100","8","0","","","","","selected-pokemon","","","","","","","",""
"double-slap","normal","physical","15","85","12","0","Hits 2-5 times in one turn.","","2","5","selected-pokemon","","","","","","","",""
"double-team","normal","status","","","16","0","Raises the user’s evasion by one stage.","","","","user","","","","","","","",""
"double-edge","normal","physical","120","100","16","0","User receives 1/3 the damage inflicted in recoil.","","","","selected-pokemon","","","","","","","",""
"draco-meteor","dragon","special","130","90","8","0","Lowers the user’s Special Attack by two stages after inflicting damage.","100","","","selected-pokemon","","","","","","","",""
"dragon-ascent","flying","physical","120","100","8","0","Lowers the user’s Defense and Special Defense by one stage after inflicting damage.","100","","","selected-pokemon","","","","","","","",""
"dragon-breath","dragon","special","60","100","20","0","Has a $effect_chance% chance to paralyze the target.","30","","","selected-pokemon","","","","","","","",""
"dragon-cheer","dragon","status","0","0","16","0","","","","","all-allies","","","","","","","",""
"dragon-claw","dragon","physical","80","100","16","0","Inflicts regular damage with no additional effect.","","","","selected-pokemon","","","","","","","",""
"dragon-dance","dragon","status","","","20","0","Raises the user’s Attack and Speed by one stage.","","","","user","","","","","","","",""
"dragon-darts","dragon","physical","50","100","12","0","","","2","2","selected-pokemon","","","","","","","",""
"dragon-energy","dragon","special","150","100","8","0","Inflicts regular damage with no additional effect.","","","","all-opponents","","","","","","","",""
"dragon-hammer","dragon","physical","90","100","16","0","Inflicts regular damage with no additional effect.","","","","selected-pokemon","","","","","","","",""
"dragon-pulse","dragon","special","85","100","12","0","Inflicts regular damage with no additional effect.","","","","selected-pokemon","","","","","","","",""
"dragon-rage","dragon","special","","100","12","0","Inflicts 40 points of damage.","","","","selected-pokemon","","","","","","","",""
"dragon-rush","dragon","physical","100","75","12","0","Has a $effect_chance% chance to make the target flinch.","20","","","selected-pokemon","","","","","","","",""
"dragon-tail","dragon","physical","60","90","12","-6","Ends wild battles.  Forces trainers to switch Pokémon.","","","","selected-pokemon","","","","","","","",""
"drain-punch","fighting","physical","75","100","12","0","Drains half the damage inflicted to heal the user.","","","","selected-pokemon","","","","","","","",""
"draining-kiss","fairy","special","50","100","12","0","Drains 75% of the damage inflicted to heal the user.","","","","selected-pokemon","","","","","","","",""
"dream-eater","psychic","special","100","100","16","0","Only works on sleeping Pokémon.  Drains half the damage inflicted to heal the user.","","","","selected-pokemon","","","","","","","",""
"drill-peck","flying","physical","80","100","20","0","Inflicts regular damage with no additional effect.","","","","selected-pokemon","","","","","","","",""
"drill-run","ground","physical","80","95","12","0","Has an increased chance for a critical hit.","","","","selected-pokemon","","","","","","","",""
"drum-beating","grass","physical","80","100","12","0","Has a $effect_chance% chance to lower the target’s Speed by one stage.","100","","","selected-pokemon","","","","","","","",""
"dual-chop","dragon","physical","40","90","16","0","Hits twice in one turn.","","2","2","selected-pokemon","","","","","","","",""
"dual-wingbeat","flying","physical","40","90","12","0","Inflicts regular damage with no additional effect.","","2","2","selected-pokemon","","","","","","","",""
"dynamax-cannon","dragon","special","100","100","8","0","Sets Light Screen on the user’s side of the field after inflicting damage.","","","","selected-pokemon","","","","","","","",""
"dynamic-punch","fighting","physical","100","50","8","0","Has a $effect_chance% chance to confuse the target.","100","","","selected-pokemon","","","","","","","",""
"earth-power","ground","special","90","100","12","0","Has a $effect_chance% chance to lower the target’s Special Defense by one stage.","10","","","selected-pokemon","","","","","","","",""
"earthquake","ground","physical","100","100","12","0","Inflicts regular damage and can hit Dig users.","","","","all-other-pokemon","","","","","","","",""
"echoed-voice","normal","special","40","100","16","0","Power increases by 100% for each consecutive use by any friendly Pokémon, to a maximum of 200.","","","","selected-pokemon","","","","","","","",""
"eerie-impulse","electric","status","","100","16","0","Lowers the target’s Special Attack by two stages.","","","","selected-pokemon","","","","","","","",""
"eerie-spell","psychic","special","80","100","8","0","Inflicts regular damage with no additional effect.","","","","selected-pokemon","","","","","","","",""
"egg-bomb","normal","physical","100","75","12","0","Inflicts regular damage with no additional effect.","","","","selected-pokemon","","","","","","","",""
"electric-terrain","electric","status","","","12","0","For five turns, prevents all Pokémon on the ground from sleeping and strengthens their electric moves to 1.5× their power.","","","","entire-field","","","","","","","",""
"electrify","electric","status","","","20","0","Changes the target’s move’s type to electric if it hasn’t moved yet this turn.","","","","selected-pokemon","","","","","","","",""
"electro-ball","electric","special","","100","12","0","Power is higher when the user has greater Speed than the target, up to a maximum of 150.","","","","selected-pokemon","","","","","","","",""
"electro-drift","electric","special","100","100","8","0","","","","","selected-pokemon","","","","","","","",""
"electro-shot","electric","special","130","100","12","0","","","","","selected-pokemon","","","","","","","",""
"electroweb","electric","special","55","95","16","0","Lowers the target’s Speed by one stage.","100","","","all-opponents","","","","","","","",""
"embargo","dark","status","","100","16","0","Target cannot use held items.","","","","selected-pokemon","","","","","","","",""
"ember","fire","special","40","100","20","0","Has a $effect_chance% chance to burn the target.","10","","","selected-pokemon","","","","","","","",""
"encore","normal","status","","100","8","0","Forces the target to repeat its last used move every turn for 2 to 6 turns.","","","","selected-pokemon","","","","","","","",""
"endeavor","normal","physical","","100","8","0","Lowers the target’s HP to equal the user’s.","","","","selected-pokemon","","","","","","","",""
"endure","normal","status","","","12","4","Prevents the user’s HP from lowering below 1 this turn.","","","","user","","","","","","","",""
"energy-ball","grass","special","90","100","12","0","Has a $effect_chance% chance to lower the target’s Special Defense by one stage.","10","","","selected-pokemon","","","","","","","",""
"entrainment","normal","status","","100","16","0","Copies the user’s ability onto the target.","","","","selected-pokemon","","","","","","","",""
"eruption","fire","special","150","100","8","0","Inflicts more damage when the user has more HP remaining, with a maximum of 150 power.","","","","all-opponents","","","","","","","",""
"esper-wing","psychic","special","80","100","12","0","","","","","selected-pokemon","","","","","","","",""
"eternabeam","dragon","special","160","90","8","0","User foregoes its next turn to recharge.","","","","selected-pokemon","","","","","","","",""
"expanding-force","psychic","special","80","100","12","0","Inflicts regular damage with no additional effect.","","","","selected-pokemon","","","","","","","",""
"explosion","normal","physical","250","100","8","0","User faints.","","","","all-other-pokemon","","","","","","","",""
"extrasensory","psychic","special","80","100","20","0","Has a $effect_chance% chance to make the target flinch.","10","","","selected-pokemon","","","","","","","",""
"extreme-evoboost","normal","status","","","1","0","Raises all of the user’s stats by two stages.","100","","","user","","","","","","","",""
"extreme-speed","normal","physical","80","100","8","2","Inflicts regular damage with no additional effect.","","","","selected-pokemon","","","","","","","",""
"facade","normal","physical","70","100","20","0","Power doubles if user is burned, paralyzed, or poisoned.","","","","selected-pokemon","","","","","","","",""
"fairy-lock","fairy","status","","","12","0","Prevents all Pokémon from fleeing or switching out during the next turn.","","","","entire-field","","","","","","","",""
"fairy-wind","fairy","special","40","100","20","0","Inflicts regular damage with no additional effect.","","","","selected-pokemon","","","","","","","",""
"fake-out","normal","physical","40","100","12","3","Can only be used as the first move after the user enters battle.  Causes the target to flinch.","100","","","selected-pokemon","","","","","","","",""
"fake-tears","dark","status","","100","20","0","Lowers the target’s Special Defense by two stages.","","","","selected-pokemon","","","","","","","",""
"false-surrender","dark","physical","80","","12","0","Never misses.","","","","selected-pokemon","","","","","","","",""
"false-swipe","normal","physical","40","100","20","0","Cannot lower the target’s HP below 1.","","","","selected-pokemon","","","","","","","",""
"feather-dance","flying","status","","100","16","0","Lowers the target’s Attack by two stages.","","","","selected-pokemon","","","","","","","",""
"feint","normal","physical","30","100","12","2","Hits through Protect and Detect.","","","","selected-pokemon","","","","","","","",""
"feint-attack","dark","physical","60","","20","0","Never misses.","","","","selected-pokemon","","","","","","","",""
"fell-stinger","bug","physical","50","100","20","0","Raises the user’s Attack by two stages if it KOs the target.","","","","selected-pokemon","","","","","","","",""
"fickle-beam","dragon","special","80","100","8","0","","","","","selected-pokemon","","","","","","","",""
"fiery-dance","fire","special","80","100","12","0","Has a $effect_chance% chance to raise the user’s Special Attack by one stage.","50","","","selected-pokemon","","","","","","","",""
"fiery-wrath","dark","special","90","100","12","0","Inflicts regular damage with no additional effect.","20","","","all-opponents","","","","","","","",""
"fillet-away","normal","status","0","","12","0","","","","","user","","","","","","","",""
"final-gambit","fighting","special","","100","8","0","Inflicts damage equal to the user’s remaining HP.  User faints.","","","","selected-pokemon","","","","","","","",""
"fire-blast","fire","special","110","85","8","0","Has a $effect_chance% chance to burn the target.","10","","","selected-pokemon","","","","","","","",""
"fire-fang","fire","physical","65","95","16","0","Has a $effect_chance% chance to burn the target and a $effect_chance% chance to make the target flinch.","10","","","selected-pokemon","","","","","","","",""
"fire-lash","fire","physical","90","100","16","0","Lowers the target’s Defense by one stage after inflicting damage.","100","","","selected-pokemon","","","","","","","",""
"fire-pledge","fire","special","80","100","12","0","With Water Pledge, doubles the effect chance of friendly Pokémon’s moves for four turns.","","","","selected-pokemon","","","","","","","",""
"fire-punch","fire","physical","75","100","16","0","Has a $effect_chance% chance to burn the target.","10","","","selected-pokemon","","","","","","","",""
"fire-spin","fire","special","35","85","16","0","Prevents the target from fleeing and inflicts damage for 2-5 turns.","100","","","selected-pokemon","","","","","","","",""
"first-impression","bug","physical","100","100","12","2","Can only be used as the first move after the user enters battle.","","","","selected-pokemon","","","","","","","",""
"fishious-rend","water","physical","85","100","12","0","","","","","selected-pokemon","","","","","","","",""
"fissure","ground","physical","","30","8","0","Causes a one-hit KO.","","","","selected-pokemon","","","","","","","",""
"flail","normal","physical","","100","16","0","Inflicts more damage when the user has less HP remaining, with a maximum of 200 power.","","","","selected-pokemon","","","","","","","",""
"flame-burst","fire","special","70","100","16","0","Deals splash damage to Pokémon next to the target.","","","","selected-pokemon","","","","","","","",""
"flame-charge","fire","physical","50","100","20","0","Inflicts regular damage.  Raises the user’s Speed by one stage.","100","","","selected-pokemon","","","","","","","",""
"flame-wheel","fire","physical","60","100","20","0","Has a $effect_chance% chance to burn the target.  Lets frozen Pokémon thaw themselves.","10","","","selected-pokemon","","","","","","","",""
"flamethrower","fire","special","90","100","16","0","Has a $effect_chance% chance to burn the target.","10","","","selected-pokemon","","","","","","","",""
"flare-blitz","fire","physical","120","100","16","0","User takes 1/3 the damage inflicted in recoil.  Has a $effect_chance% chance to burn the target.","10","","","selected-pokemon","","","","","","","",""
"flash","normal","status","","100","20","0","Lowers the target’s accuracy by one stage.","","","","selected-pokemon","","","","","","","",""
"flash-cannon","steel","special","80","100","12","0","Has a $effect_chance% chance to lower the target’s Special Defense by one stage.","10","","","selected-pokemon","","","","","","","",""
"flatter","dark","status","","100","16","0","Raises the target’s Special Attack by one stage and confuses the target.","","","","selected-pokemon","","","","","","","",""
"fleur-cannon","fairy","special","130","90","8","0","Lowers the user’s Special Attack by two stages after inflicting damage.","100","","","selected-pokemon","","","","","","","",""
"fling","dark","physical","","100","12","0","Throws held item at the target; power depends on the item.","","","","selected-pokemon","","","","","","","",""
"flip-turn","water","physical","60","100","20","0","Inflicts regular damage with no additional effect.","","","","selected-pokemon","","","","","","","",""
"floaty-fall","flying","physical","90","95","16","0","Inflicts regular damage with no additional effect.","30","","","selected-pokemon","","","","","","","",""
"floral-healing","fairy","status","","","12","0","Heals the target for ½ its max HP, or ⅔ on Grassy Terrain.","","","","selected-pokemon","","","","","","","",""
"flower-shield","fairy","status","","","12","0","Raises the Defense of all grass Pokémon in battle.","100","","","all-pokemon","","","","","","","",""
"flower-trick","grass","physical","70","","12","0","","","","","selected-pokemon","","","","","","","",""
"fly","flying","physical","90","95","16","0","User flies high into the air, dodging all attacks, and hits next turn.","","","","selected-pokemon","","","","","","","",""
"flying-press","fighting","physical","100","95","12","0","Deals both fighting and flying-type damage.","","","","selected-pokemon","","","","","","","",""
"focus-blast","fighting","special","120","70","8","0","Has a $effect_chance% chance to lower the target’s Special Defense by one stage.","10","","","selected-pokemon","","","","","","","",""
"focus-energy","normal","status","","","20","0","Increases the user’s chance to score a critical hit.","","","","user","","","","","","","",""
"focus-punch","fighting","physical","150","100","20","-3","If the user takes damage before attacking, the attack is canceled.","","","","selected-pokemon","","","","","","","",""
"follow-me","normal","status","","","20","2","Redirects the target’s single-target effects to the user for this turn.","","","","user","","","","","","","",""
"force-palm","fighting","physical","60","100","12","0","Has a $effect_chance% chance to paralyze the target.","30","","","selected-pokemon","","","","","","","",""
"foresight","normal","status","","","20","0","Forces the target to have no Evade, and allows it to be hit by Normal and Fighting moves even if it’s a Ghost.","","","","selected-pokemon","","","","","","","",""
"forests-curse","grass","status","","100","20","0","Adds grass to the target’s types.","","","","selected-pokemon","","","","","","","",""
"foul-play","dark","physical","95","100","16","0","Calculates damage with the target’s attacking stat.","","","","selected-pokemon","","","","","","","",""
"freeze-shock","ice","physical","140","90","8","0","Requires a turn to charge before attacking.  Has a $effect_chance% chance to paralyze the target.","30","","","selected-pokemon","","","","","","","",""
"freeze-dry","ice","special","70","100","20","0","Super-effective against water.","10","","","selected-pokemon","","","","","","","",""
"freezing-glare","psychic","special","90","100","12","0","Inflicts regular damage with no additional effect.","10","","","selected-pokemon","","","","","","","",""
"freezy-frost","ice","special","100","90","12","0","Inflicts regular damage with no additional effect.","","","","selected-pokemon","","","","","","","",""
"frenzy-plant","grass","special","150","90","8","0","User foregoes its next turn to recharge.","","","","selected-pokemon","","","","","","","",""
"frost-breath","ice","special","60","90","12","0","Always scores a critical hit.","100","","","selected-pokemon","","","","","","","",""
"frustration","normal","physical","","100","20","0","Power increases as happiness decreases, up to a maximum of 102.","","","","selected-pokemon","","","","","","","",""
"fury-attack","normal","physical","15","85","20","0","Hits 2-5 times in one turn.","","2","5","selected-pokemon","","","","","","","",""
"fury-cutter","bug","physical","40","95","20","0","Power doubles every turn this move is used in succession after the first, maxing out after five turns.","","","","selected-pokemon","","","","","","","",""
"fury-swipes","normal","physical","18","80","16","0","Hits 2-5 times in one turn.","","2","5","selected-pokemon","","","","","","","",""
"fusion-bolt","electric","physical","100","100","8","0","With Fusion Flare, inflicts double damage.","","","","selected-pokemon","","","","","","","",""
"fusion-flare","fire","special","100","100","8","0","With Fusion Bolt, inflicts double damage.","","","","selected-pokemon","","","","","","","",""
"future-sight","psychic","special","120","100","12","0","Hits the target two turns later.","","","","selected-pokemon","","","","","","","",""
"gastro-acid","poison","status","","100","12","0","Nullifies target’s ability until it leaves battle.","","","","selected-pokemon","","","","","","","",""
"gear-grind","steel","physical","50","85","16","0","Hits twice in one turn.","","2","2","selected-pokemon","","","","","","","",""
"gear-up","steel","status","","","20","0","Raises the Attack and Special Attack of all friendly Pokémon with plus or minus by one stage.","","","","user-and-allies","","","","","","","",""
"genesis-supernova","psychic","special","185","","1","0","Changes the terrain to Psychic Terrain after inflicting damage.","","","","selected-pokemon","","","","","","","",""
"geomancy","fairy","status","","","12","0","Takes one turn to charge, then raises the user’s Special Attack, Special Defense, and Speed by two stages.","","","","user","","","","","","","",""
"giga-drain","grass","special","75","100","12","0","Drains half the damage inflicted to heal the user.","","","","selected-pokemon","","","","","","","",""
"giga-impact","normal","physical","150","90","8","0","User foregoes its next turn to recharge.","","","","selected-pokemon","","","","","","","",""
"gigaton-hammer","steel","physical","160","100","8","0","","","","","selected-pokemon","","","","","","","",""
"gigavolt-havoc--special","electric","special","","","1","0","Inflicts regular damage with no additional effect.","","","","selected-pokemon","","","","","","","",""
"gigavolt-havoc--physical","electric","physical","","","1","0","Inflicts regular damage with no additional effect.","","","","selected-pokemon","","","","","","","",""
"glacial-lance","ice","physical","120","100","8","0","Inflicts regular damage with no additional effect.","","","","all-opponents","","","","","","","",""
"glaciate","ice","special","65","95","12","0","Lowers the target’s Speed by one stage.","100","","","all-opponents","","","","","","","",""
"glaive-rush","dragon","physical","120","100","8","0","","","","","selected-pokemon","","","","","","","",""
"glare","normal","status","","100","20","0","Paralyzes the target.","","","","selected-pokemon","","","","","","","",""
"glitzy-glow","psychic","special","80","95","16","0","Inflicts regular damage with no additional effect.","","","","selected-pokemon","","","","","","","",""
"grass-knot","grass","special","","100","20","0","Inflicts more damage to heavier targets, with a maximum of 120 power.","","","","selected-pokemon","","","","","","","",""
"grass-pledge","grass","special","80","100","12","0","With Fire Pledge, damages opposing Pokémon for 1/8 their max HP every turn for four turns.","","","","selected-pokemon","","","","","","","",""
"grass-whistle","grass","status","","55","16","0","Puts the target to sleep.","","","","selected-pokemon","","","","","","","",""
"grassy-glide","grass","physical","55","100","20","0","Inflicts regular damage with no additional effect.","","","","selected-pokemon","","","","","","","",""
"grassy-terrain","grass","status","","","12","0","For five turns, heals all Pokémon on the ground for 1/16 max HP each turn and strengthens their grass moves to 1.5× their power.","","","","entire-field","","","","","","","",""
"grav-apple","grass","physical","90","100","12","0","Lowers the target’s Defense by one stage after inflicting damage.","100","","","selected-pokemon","","","","","","","",""
"gravity","psychic","status","","","8","0","Disables moves and immunities that involve flying or levitating for five turns.","","","","entire-field","","","","","","","",""
"growl","normal","status","","100","20","0","Lowers the target’s Attack by one stage.","","","","all-opponents","","","","","","","",""
"growth","normal","status","","","20","0","Raises the user’s Attack and Special Attack by one stage.","","","","user","","","","","","","",""
"grudge","ghost","status","","","8","0","If the user faints this turn, the PP of the move that fainted it drops to 0.","","","","user","","","","","","","",""
"guard-split","psychic","status","","","12","0","Averages Defense and Special Defense with the target.","","","","selected-pokemon","","","","","","","",""
"guard-swap","psychic","status","","","12","0","User swaps Defense and Special Defense changes with the target.","","","","selected-pokemon","","","","","","","",""
"guardian-of-alola","fairy","special","","","1","0","Damages the target for 75% of its remaining HP.","","","","selected-pokemon","","","","","","","",""
"guillotine","normal","physical","","30","8","0","Causes a one-hit KO.","","","","selected-pokemon","","","","","","","",""
"gunk-shot","poison","physical","120","80","8","0","Has a $effect_chance% chance to poison the target.","30","","","selected-pokemon","","","","","","","",""
"gust","flying","special","40","100","20","0","Inflicts regular damage and can hit Pokémon in the air.","","","","selected-pokemon","","","","","","","",""
"gyro-ball","steel","physical","","100","8","0","Power raises when the user has lower Speed, up to a maximum of 150.","","","","selected-pokemon","","","","","","","",""
"hail","ice","status","","","12","0","Changes the weather to a hailstorm for five turns.","","","","entire-field","","","","","","","",""
"hammer-arm","fighting","physical","100","90","12","0","Lowers user’s Speed by one stage.","100","","","selected-pokemon","","","","","","","",""
"happy-hour","normal","status","","","20","0","Doubles prize money.","","","","users-field","","","","","","","",""
"hard-press","steel","physical","0","100","12","0","","","","","selected-pokemon","","","","","","","",""
"harden","normal","status","","","20","0","Raises the user’s Defense by one stage.","","","","user","","","","","","","",""
"haze","ice","status","","","20","0","Resets all Pokémon’s stats, accuracy, and evasion.","","","","entire-field","","","","","","","",""
"head-charge","normal","physical","120","100","16","0","User receives 1/4 the damage it inflicts in recoil.","","","","selected-pokemon","","","","","","","",""
"head-smash","rock","physical","150","80","8","0","User receives 1/2 the damage inflicted in recoil.","","","","selected-pokemon","","","","","","","",""
"headbutt","normal","physical","70","100","16","0","Has a $effect_chance% chance to make the target flinch.","30","","","selected-pokemon","","","","","","","",""
"headlong-rush","ground","physical","120","100","8","0","","","","","selected-pokemon","","","","","","","",""
"heal-bell","normal","status","","","8","0","Cures the entire party of major status effects.","","","","user-and-allies","","","","","","","",""
"heal-block","psychic","status","","100","16","0","Prevents target from restoring its HP for five turns.","","","","all-opponents","","","","","","","",""
"heal-order","bug","status","","","12","0","Heals the user by half its max HP.","","","","user","","","","","","","",""
"heal-pulse","psychic","status","","","12","0","Heals the target for half its max HP.","","","","selected-pokemon","","","","","","","",""
"healing-wish","psychic","status","","","12","0","User faints.  Its replacement has its HP fully restored and any major status effect removed.","","","","user","","","","","","","",""
"heart-stamp","psychic","physical","60","100","20","0","Has a $effect_chance% chance to make the target flinch.","30","","","selected-pokemon","","","","","","","",""
"heart-swap","psychic","status","","","12","0","User and target swap stat changes.","","","","selected-pokemon","","","","","","","",""
"heat-crash","fire","physical","","100","12","0","Power is higher when the user weighs more than the target, up to a maximum of 120.","","","","selected-pokemon","","","","","","","",""
"heat-wave","fire","special","95","90","12","0","Has a $effect_chance% chance to burn the target.","10","","","all-opponents","","","","","","","",""
"heavy-slam","steel","physical","","100","12","0","Power is higher when the user weighs more than the target, up to a maximum of 120.","","","","selected-pokemon","","","","","","","",""
"helping-hand","normal","status","","","20","5","Ally’s next move inflicts half more damage.","","","","ally","","","","","","","",""
"hex","ghost","special","65","100","12","0","Has double power if the target has a major status ailment.","","","","selected-pokemon","","","","","","","",""
"hidden-power","normal","special","60","100","16","0","Power and type depend upon user’s IVs.  Power can range from 30 to 70.","","","","selected-pokemon","","","","","","","",""
"high-horsepower","ground","physical","95","95","12","0","Inflicts regular damage with no additional effect.","","","","selected-pokemon","","","","","","","",""
"high-jump-kick","fighting","physical","130","90","12","0","If the user misses, it takes half the damage it would have inflicted in recoil.","","","","selected-pokemon","","","","","","","",""
"hold-back","normal","physical","40","100","20","0","Cannot lower the target’s HP below 1.","","","","selected-pokemon","","","","","","","",""
"hold-hands","normal","status","","","20","0","Does nothing.","","","","ally","","","","","","","",""
"hone-claws","dark","status","","","16","0","Raises the user’s Attack and accuracy by one stage.","","","","user","","","","","","","",""
"horn-attack","normal","physical","65","100","20","0","Inflicts regular damage with no additional effect.","","","","selected-pokemon","","","","","","","",""
"horn-drill","normal","physical","","30","8","0","Causes a one-hit KO.","","","","selected-pokemon","","","","","","","",""
"horn-leech","grass","physical","75","100","12","0","Drains half the damage inflicted to heal the user.","","","","selected-pokemon","","","","","","","",""
"howl","normal","status","","","20","0","Raises the user’s Attack by one stage.","","","","user-and-allies","","","","","","","",""
"hurricane","flying","special","110","70","12","0","Has a $effect_chance% chance to confuse the target.","30","","","selected-pokemon","","","","","","","",""
"hydro-cannon","water","special","150","90","8","0","User foregoes its next turn to recharge.","","","","selected-pokemon","","","","","","","",""
"hydro-pump","water","special","110","80","8","0","Inflicts regular damage with no additional effect.","","","","selected-pokemon","","","","","","","",""
"hydro-steam","water","special","80","100","16","0","","","","","selected-pokemon","","","","","","","",""
"hydro-vortex--special","water","special","","","1","0","Inflicts regular damage with no additional effect.","","","","selected-pokemon","","","","","","","",""
"hydro-vortex--physical","water","physical","","","1","0","Inflicts regular damage with no additional effect.","","","","selected-pokemon","","","","","","","",""
"hyper-beam","normal","special","150","90","8","0","User foregoes its next turn to recharge.","","","","selected-pokemon","","","","","","","",""
"hyper-drill","normal","physical","100","100","8","0","","","","","selected-pokemon","","","","","","","",""
"hyper-fang","normal","physical","80","90","16","0","Has a $effect_chance% chance to make the target flinch.","10","","","selected-pokemon","","","","","","","",""
"hyper-voice","normal","special","90","100","12","0","Inflicts regular damage with no additional effect.","","","","all-opponents","","","","","","","",""
"hyperspace-fury","dark","physical","100","","8","0","Ignores and destroys protection effects.","100","","","selected-pokemon","","","","","","","",""
"hyperspace-hole","psychic","special","80","","8","0","Ignores and destroys protection effects.","","","","selected-pokemon","","","","","","","",""
"hypnosis","psychic","status","","60","20","0","Puts the target to sleep.","","","","selected-pokemon","","","","","","","",""
"ice-ball","ice","physical","30","90","20","0","Power doubles every turn this move is used in succession after the first, resetting after five turns.","","","","selected-pokemon","","","","","","","",""
"ice-beam","ice","special","90","100","12","0","Has a $effect_chance% chance to freeze the target.","10","","","selected-pokemon","","","","","","","",""
"ice-burn","ice","special","140","90","8","0","Requires a turn to charge before attacking.  Has a $effect_chance% chance to burn the target.","30","","","selected-pokemon","","","","","","","",""
"ice-fang","ice","physical","65","95","16","0","Has a $effect_chance% chance to freeze the target and a $effect_chance% chance to make the target flinch.","10","","","selected-pokemon","","","","","","","",""
"ice-hammer","ice","physical","100","90","12","0","Lowers user’s Speed by one stage.","100","","","selected-pokemon","","","","","","","",""
"ice-punch","ice","physical","75","100","16","0","Has a $effect_chance% chance to freeze the target.","10","","","selected-pokemon","","","","","","","",""
"ice-shard","ice","physical","40","100","20","1","Inflicts regular damage with no additional effect.","","","","selected-pokemon","","","","","","","",""
"ice-spinner","ice","physical","80","100","16","0","","","","","selected-pokemon","","","","","","","",""
"icicle-crash","ice","physical","85","90","12","0","Has a $effect_chance% chance to make the target flinch.","30","","","selected-pokemon","","","","","","","",""
"icicle-spear","ice","physical","25","100","20","0","Hits 2-5 times in one turn.","","2","5","selected-pokemon","","","","","","","",""
"icy-wind","ice","special","55","95","16","0","Has a $effect_chance% chance to lower the target’s Speed by one stage.","100","","","all-opponents","","","","","","","",""
"imprison","psychic","status","","","12","0","Prevents the target from using any moves that the user also knows.","","","","user","","","","","","","",""
"incinerate","fire","special","60","100","16","0","Destroys the target’s held berry.","","","","all-opponents","","","","","","","",""
"infernal-parade","ghost","special","65","100","16","0","","","","","selected-pokemon","","","","","","","",""
"inferno","fire","special","100","50","8","0","Has a $effect_chance% chance to burn the target.","100","","","selected-pokemon","","","","","","","",""
"inferno-overdrive--physical","fire","physical","","","1","0","Inflicts regular damage with no additional effect.","","","","selected-pokemon","","","","","","","",""
"inferno-overdrive--special","fire","special","","","1","0","Inflicts regular damage with no additional effect.","","","","selected-pokemon","","","","","","","",""
"infestation","bug","special","20","100","20","0","Prevents the target from fleeing and inflicts damage for 2-5 turns.","100","","","selected-pokemon","","","","","","","",""
"ingrain","grass","status","","","20","0","Prevents the user from leaving battle.  User regains 1/16 of its max HP every turn.","","","","user","","","","","","","",""
"instruct","psychic","status","","","16","0","Forces the target to repeat its last used move.","","","","selected-pokemon","","","","","","","",""
"ion-deluge","electric","status","","","20","1","Changes all normal moves to electric moves for the rest of the turn.","","","","entire-field","","","","","","","",""
"iron-defense","steel","status","","","16","0","Raises the user’s Defense by two stages.","","","","user","","","","","","","",""
"iron-head","steel","physical","80","100","16","0","Has a $effect_chance% chance to make the target flinch.","30","","","selected-pokemon","","","","","","","",""
"iron-tail","steel","physical","100","75","16","0","Has a $effect_chance% chance to lower the target’s Defense by one stage.","30","","","selected-pokemon","","","","","","","",""
"ivy-cudgel","grass","physical","100","100","12","0","","","","","selected-pokemon","","","","","","","",""
"jaw-lock","dark","physical","80","100","12","0","Seeds the target after inflicting damage.","","","","selected-pokemon","","","","","","","",""
"jet-punch","water","physical","60","100","16","1","","","","","selected-pokemon","","","","","","","",""
"judgment","normal","special","100","100","12","0","If the user is holding a appropriate plate or drive, the damage inflicted will match it.","","","","selected-pokemon","","","","","","","",""
"jump-kick","fighting","physical","100","95","12","0","If the user misses, it takes half the damage it would have inflicted in recoil.","","","","selected-pokemon","","","","","","","",""
"jungle-healing","grass","status","","","12","0","Inflicts regular damage with no additional effect.","","","","user-and-allies","","","","","","","",""
"karate-chop","fighting","physical","50","100","20","0","Has an increased chance for a critical hit.","","","","selected-pokemon","","","","","","","",""
"kinesis","psychic","status","","80","16","0","Lowers the target’s accuracy by one stage.","","","","selected-pokemon","","","","","","","",""
"kings-shield","steel","status","","","12","4","Blocks damaging attacks and lowers attacking Pokémon’s Attack by two stages on contact.  Switches Aegislash to Shield Forme.","","","","user","","","","","","","",""
"knock-off","dark","physical","65","100","20","0","Target drops its held item.","","","","selected-pokemon","","","","","","","",""
"kowtow-cleave","dark","physical","85","","12","0","","","","","selected-pokemon","","","","","","","",""
"lands-wrath","ground","physical","90","100","12","0","Inflicts regular damage with no additional effect.","","","","all-opponents","","","","","","","",""
"laser-focus","normal","status","","","20","0","Guarantees a critical hit with the user’s next move.","","","","user","","","","","","","",""
"lash-out","dark","physical","75","100","8","0","Inflicts regular damage with no additional effect.","","","","selected-pokemon","","","","","","","",""
"last-resort","normal","physical","140","100","8","0","Can only be used after all of the user’s other moves have been used.","","","","selected-pokemon","","","","","","","",""
"last-respects","ghost","physical","50","100","12","0","","","","","selected-pokemon","","","","","","","",""
"lava-plume","fire","special","80","100","16","0","Has a $effect_chance% chance to burn the target.","30","","","all-other-pokemon","","","","","","","",""
"leaf-blade","grass","physical","90","100","16","0","Has an increased chance for a critical hit.","","","","selected-pokemon","","","","","","","",""
"leaf-storm","grass","special","130","90","8","0","Lowers the user’s Special Attack by two stages after inflicting damage.","100","","","selected-pokemon","","","","","","","",""
"leaf-tornado","grass","special","65","90","12","0","Has a $effect_chance% chance to lower the target’s accuracy by one stage.","50","","","selected-pokemon","","","","","","","",""
"leafage","grass","physical","40","100","20","0","Inflicts regular damage with no additional effect.","","","","selected-pokemon","","","","","","","",""
"leech-life","bug","physical","80","100","12","0","Drains half the damage inflicted to heal the user.","","","","selected-pokemon","","","","","","","",""
"leech-seed","grass","status","","90","12","0","Seeds the target, stealing HP from it every turn.","","","","selected-pokemon","","","","","","","",""
"leer","normal","status","","100","20","0","Lowers the target’s Defense by one stage.","100","","","all-opponents","","","","","","","",""
"lets-snuggle-forever","fairy","physical","190","","1","0","Inflicts regular damage with no additional effect.","","","","selected-pokemon","","","","","","","",""
"lick","ghost","physical","30","100","20","0","Has a $effect_chance% chance to paralyze the target.","30","","","selected-pokemon","","","","","","","",""
"life-dew","water","status","","","12","0","","","","","user-and-allies","","","","","","","",""
"light-screen","psychic","status","","","20","0","Reduces damage from special attacks by 50% for five turns.","","","","users-field","","","","","","","",""
"light-that-burns-the-sky","psychic","special","200","","1","0","Inflicts damage using either Attack or Special Attack stat, whichever is higher.","","","","selected-pokemon","","","","","","","",""
"light-of-ruin","fairy","special","140","90","8","0","User receives 1/2 the damage inflicted in recoil.","","","","selected-pokemon","","","","","","","",""
"liquidation","water","physical","85","100","12","0","Has a $effect_chance% chance to lower the target’s Defense by one stage.","20","","","selected-pokemon","","","","","","","",""
"lock-on","normal","status","","","8","0","Ensures that the user’s next move will hit the target.","","","","selected-pokemon","","","","","","","",""
"lovely-kiss","normal","status","","75","12","0","Puts the target to sleep.","","","","selected-pokemon","","","","","","","",""
"low-kick","fighting","physical","","100","20","0","Inflicts more damage to heavier targets, with a maximum of 120 power.","","","","selected-pokemon","","","","","","","",""
"low-sweep","fighting","physical","65","100","20","0","Lowers the target’s Speed by one stage.","100","","","selected-pokemon","","","","","","","",""
"lucky-chant","normal","status","","","20","0","Prevents the target from scoring critical hits for five turns.","","","","users-field","","","","","","","",""
"lumina-crash","psychic","special","80","100","12","0","","","","","selected-pokemon","","","","","","","",""
"lunar-blessing","psychic","status","0","","8","0","","","","","all-allies","","","","","","","",""
"lunar-dance","psychic","status","","","12","0","User faints, and its replacement is fully healed.","","","","user","","","","","","","",""
"lunge","bug","physical","80","100","16","0","Lowers the target’s Attack by one stage after inflicting damage.","100","","","selected-pokemon","","","","","","","",""
"luster-purge","psychic","special","95","100","8","0","Has a $effect_chance% chance to lower the target’s Special Defense by one stage.","50","","","selected-pokemon","","","","","","","",""
"mach-punch","fighting","physical","40","100","20","1","Inflicts regular damage with no additional effect.","","","","selected-pokemon","","","","","","","",""
"magic-coat","psychic","status","","","16","4","Reflects back the first effect move used on the user this turn.","","","","user","","","","","","","",""
"magic-powder","psychic","status","","100","20","0","","","","","selected-pokemon","","","","","","","",""
"magic-room","psychic","status","","","12","0","Negates held items for five turns.","","","","entire-field","","","","","","","",""
"magical-leaf","grass","special","60","","20","0","Never misses.","","","","selected-pokemon","","","","","","","",""
"magical-torque","fairy","physical","100","100","12","0","","","","","selected-pokemon","","","","","","","",""
"magma-storm","fire","special","100","75","8","0","Prevents the target from fleeing and inflicts damage for 2-5 turns.","100","","","selected-pokemon","","","","","","","",""
"magnet-bomb","steel","physical","60","","20","0","Never misses.","","","","selected-pokemon","","","","","","","",""
"magnet-rise","electric","status","","","12","0","User is immune to Ground moves and effects for five turns.","","","","user","","","","","","","",""
"magnetic-flux","electric","status","","","20","0","Raises the Defense and Special Defense of all friendly Pokémon with plus or minus by one stage.","","","","user-and-allies","","","","","","","",""
"magnitude","ground","physical","","100","20","0","Power varies randomly from 10 to 150.","","","","all-other-pokemon","","","","","","","",""
"make-it-rain","steel","special","120","100","8","0","","","","","all-opponents","","","","","","","",""
"malicious-moonsault","dark","physical","180","","1","0","Inflicts regular damage with no additional effect.","","","","selected-pokemon","","","","","","","",""
"malignant-chain","poison","special","100","100","8","0","","","","","selected-pokemon","","","","","","","",""
"mat-block","fighting","status","","","12","0","Protects all friendly Pokémon from damaging moves.  Only works on the first turn after the user is sent out.","","","","users-field","","","","","","","",""
"matcha-gotcha","grass","special","80","90","16","0","","","","","selected-pokemon","","","","","","","",""
"max-airstream","flying","physical","10","","12","0","Inflicts regular damage with no additional effect.","","","","selected-pokemon-me-first","","","","","","","",""
"max-darkness","dark","physical","10","","12","0","Inflicts regular damage with no additional effect.","","","","selected-pokemon-me-first","","","","","","","",""
"max-flare","fire","physical","100","","12","0","Inflicts regular damage with no additional effect.","","","","selected-pokemon-me-first","","","","","","","",""
"max-flutterby","bug","physical","10","","12","0","Inflicts regular damage with no additional effect.","","","","selected-pokemon-me-first","","","","","","","",""
"max-geyser","water","physical","10","","12","0","Inflicts regular damage with no additional effect.","","","","selected-pokemon-me-first","","","","","","","",""
"max-guard","normal","status","","","12","4","Prevents any moves from hitting the user this turn.","","","","user","","","","","","","",""
"max-hailstorm","ice","physical","10","","12","0","Inflicts regular damage with no additional effect.","","","","selected-pokemon-me-first","","","","","","","",""
"max-knuckle","fighting","physical","10","","12","0","Inflicts regular damage with no additional effect.","","","","selected-pokemon-me-first","","","","","","","",""
"max-lightning","electric","physical","10","","12","0","Inflicts regular damage with no additional effect.","","","","selected-pokemon-me-first","","","","","","","",""
"max-mindstorm","psychic","physical","10","","12","0","Inflicts regular damage with no additional effect.","","","","selected-pokemon-me-first","","","","","","","",""
"max-ooze","poison","physical","10","","12","0","Inflicts regular damage with no additional effect.","","","","selected-pokemon-me-first","","","","","","","",""
"max-overgrowth","grass","physical","10","","12","0","Inflicts regular damage with no additional effect.","","","","selected-pokemon-me-first","","","","","","","",""
"max-phantasm","ghost","physical","10","","12","0","Inflicts regular damage with no additional effect.","","","","selected-pokemon-me-first","","","","","","","",""
"max-quake","ground","physical","10","","12","0","Inflicts regular damage with no additional effect.","","","","selected-pokemon-me-first","","","","","","","",""
"max-rockfall","rock","physical","10","","12","0","Inflicts regular damage with no additional effect.","","","","selected-pokemon-me-first","","","","","","","",""
"max-starfall","fairy","physical","10","","12","0","Inflicts regular damage with no additional effect.","","","","selected-pokemon-me-first","","","","","","","",""
"max-steelspike","steel","physical","10","","12","0","Inflicts regular damage with no additional effect.","","","","selected-pokemon-me-first","","","","","","","",""
"max-strike","normal","physical","10","","12","0","Inflicts regular damage with no additional effect.","","","","selected-pokemon-me-first","","","","","","","",""
"max-wyrmwind","dragon","physical","10","","12","0","Inflicts regular damage with no additional effect.","","","","selected-pokemon-me-first","","","","","","","",""
"me-first","normal","status","","","20","0","Uses the target’s move against it before it attacks, with power increased by half.","","","","selected-pokemon-me-first","","","","","","","",""
"mean-look","normal","status","","","8","0","Prevents the target from leaving battle.","","","","selected-pokemon","","","","","","","",""
"meditate","psychic","status","","","20","0","Raises the user’s Attack by one stage.","","","","user","","","","","","","",""
"mega-drain","grass","special","40","100","16","0","Drains half the damage inflicted to heal the user.","","","","selected-pokemon","","","","","","","",""
"mega-kick","normal","physical","120","75","8","0","Inflicts regular damage with no additional effect.","","","","selected-pokemon","","","","","","","",""
"mega-punch","normal","physical","80","85","20","0","Inflicts regular damage with no additional effect.","","","","selected-pokemon","","","","","","","",""
"megahorn","bug","physical","120","85","12","0","Inflicts regular damage with no additional effect.","","","","selected-pokemon","","","","","","","",""
"memento","dark","status","","100","12","0","Lowers the target’s Attack and Special Attack by two stages.  User faints.","","","","selected-pokemon","","","","","","","",""
"menacing-moonraze-maelstrom","ghost","special","200","","1","0","Cannot be disrupted by abilities.","","","","selected-pokemon","","","","","","","",""
"metal-burst","steel","physical","","100","12","0","Strikes back at the last Pokémon to hit the user this turn with 1.5× the damage.","","","","specific-move","","","","","","","",""
"metal-claw","steel","physical","50","95","20","0","Has a $effect_chance% chance to raise the user’s Attack by one stage.","10","","","selected-pokemon","","","","","","","",""
"metal-sound","steel","status","","85","20","0","Lowers the target’s Special Defense by two stages.","","","","selected-pokemon","","","","","","","",""
"meteor-assault","fighting","physical","150","100","8","0","User foregoes its next turn to recharge.","","","","selected-pokemon","","","","","","","",""
"meteor-beam","rock","special","120","90","12","0","Inflicts regular damage with no additional effect.","100","","","selected-pokemon","","","","","","","",""
"meteor-mash","steel","physical","90","90","12","0","Has a $effect_chance% chance to raise the user’s Attack by one stage.","20","","","selected-pokemon","","","","","","","",""
"metronome","normal","status","","","12","0","Randomly selects and uses any move in the game.","","","","user","","","","","","","",""
"mighty-cleave","rock","physical","95","100","8","0","","","","","selected-pokemon","","","","","","","",""
"milk-drink","normal","status","","","8","0","Heals the user by half its max HP.","","","","user","","","","","","","",""
"mimic","normal","status","","","12","0","Copies the target’s last used move.","","","","selected-pokemon","","","","","","","",""
"mind-blown","fire","special","150","100","8","0","Inflicts damage, and the user takes damage equal to half of its max HP, rounded up.","","","","all-other-pokemon","","","","","","","",""
"mind-reader","normal","status","","","8","0","Ensures that the user’s next move will hit the target.","","","","selected-pokemon","","","","","","","",""
"minimize","normal","status","","","12","0","Raises the user’s evasion by two stages.","","","","user","","","","","","","",""
"miracle-eye","psychic","status","","","20","0","Forces the target to have no evasion, and allows it to be hit by Psychic moves even if it’s Dark.","","","","selected-pokemon","","","","","","","",""
"mirror-coat","psychic","special","","100","20","-5","Inflicts twice the damage the user received from the last special hit it took.","","","","specific-move","","","","","","","",""
"mirror-move","flying","status","","","20","0","Uses the target’s last used move.","","","","selected-pokemon","","","","","","","",""
"mirror-shot","steel","special","65","85","12","0","Has a $effect_chance% chance to lower the target’s accuracy by one stage.","30","","","selected-pokemon","","","","","","","",""
"mist","ice","status","","","20","0","Protects the user’s stats from being changed by enemy moves.","","","","users-field","","","","","","","",""
"mist-ball","psychic","special","95","100","8","0","Has a $effect_chance% chance to lower the target’s Special Attack by one stage.","50","","","selected-pokemon","","","","","","","",""
"misty-explosion","fairy","special","100","100","8","0","Inflicts regular damage with no additional effect.","","","","all-other-pokemon","","","","","","","",""
"misty-terrain","fairy","status","","","12","0","For five turns, protects all Pokémon on the ground from major status ailments and confusion, and halves the power of incoming dragon moves.","","","","entire-field","","","","","","","",""
"moonblast","fairy","special","95","100","16","0","Has a $effect_chance% chance to lower the target’s Special Attack by one stage.","30","","","selected-pokemon","","","","","","","",""
"moongeist-beam","ghost","special","100","100","8","0","Cannot be disrupted by abilities.","","","","selected-pokemon","","","","","","","",""
"moonlight","fairy","status","","","8","0","Heals the user by half its max HP.  Affected by weather.","","","","user","","","","","","","",""
"morning-sun","normal","status","","","8","0","Heals the user by half its max HP.  Affected by weather.","","","","user","","","","","","","",""
"mortal-spin","poison","physical","30","100","16","0","","","","","all-opponents","","","","","","","",""
"mountain-gale","ice","physical","120","85","12","0","","","","","selected-pokemon","","","","","","","",""
"mud-bomb","ground","special","65","85","12","0","Has a $effect_chance% chance to lower the target’s accuracy by one stage.","30","","","selected-pokemon","","","","","","","",""
"mud-shot","ground","special","55","95","16","0","Has a $effect_chance% chance to lower the target’s Speed by one stage.","100","","","selected-pokemon","","","","","","","",""
"mud-sport","ground","status","","","16","0","Halves all Electric-type damage.","","","","entire-field","","","","","","","",""
"mud-slap","ground","special","20","100","12","0","Has a $effect_chance% chance to lower the target’s accuracy by one stage.","100","","","selected-pokemon","","","","","","","",""
"muddy-water","water","special","90","85","12","0","Has a $effect_chance% chance to lower the target’s accuracy by one stage.","30","","","all-opponents","","","","","","","",""
"multi-attack","normal","physical","120","100","12","0","If the user is holding a appropriate plate or drive, the damage inflicted will match it.","","","","selected-pokemon","","","","","","","",""
"mystical-fire","fire","special","75","100","12","0","Has a $effect_chance% chance to lower the target’s Special Attack by one stage.","100","","","selected-pokemon","","","","","","","",""
"mystical-power","psychic","special","70","90","12","0","","","","","selected-pokemon","","","","","","","",""
"nasty-plot","dark","status","","","20","0","Raises the user’s Special Attack by two stages.","","","","user","","","","","","","",""
"natural-gift","normal","physical","","100","16","0","Power and type depend on the held berry.","","","","selected-pokemon","","","","","","","",""
"nature-power","normal","status","","","20","0","Uses a move which depends upon the terrain.","","","","selected-pokemon","","","","","","","",""
"natures-madness","fairy","special","","90","12","0","Inflicts damage equal to half the target’s HP.","","","","selected-pokemon","","","","","","","",""
"needle-arm","grass","physical","60","100","16","0","Has a $effect_chance% chance to make the target flinch.","30","","","selected-pokemon","","","","","","","",""
"never-ending-nightmare--special","ghost","special","","","1","0","Inflicts regular damage with no additional effect.","","","","selected-pokemon","","","","","","","",""
"never-ending-nightmare--physical","ghost","physical","","","1","0","Inflicts regular damage with no additional effect.","","","","selected-pokemon","","","","","","","",""
"night-daze","dark","special","90","95","12","0","Has a $effect_chance% chance to lower the target’s accuracy by one stage.","40","","","selected-pokemon","","","","","","","",""
"night-shade","ghost","special","","100","16","0","Inflicts damage equal to the user’s level.","","","","selected-pokemon","","","","","","","",""
"night-slash","dark","physical","70","100","16","0","Has an increased chance for a critical hit.","","","","selected-pokemon","","","","","","","",""
"nightmare","ghost","status","","100","16","0","Target loses 1/4 its max HP every turn as long as it’s asleep.","","","","selected-pokemon","","","","","","","",""
"no-retreat","fighting","status","","","8","0","Hits twice in one turn, with a $effect_chance% chance to make the target flinch.","100","","","user","","","","","","","",""
"noble-roar","normal","status","","100","20","0","Lowers the target’s Attack and Special Attack by one stage.","100","","","selected-pokemon","","","","","","","",""
"noxious-torque","poison","physical","100","100","12","0","","","","","selected-pokemon","","","","","","","",""
"nuzzle","electric","physical","20","100","20","0","Has a $effect_chance% chance to paralyze the target.","100","","","selected-pokemon","","","","","","","",""
"oblivion-wing","flying","special","80","100","12","0","Drains 75% of the damage inflicted to heal the user.","","","","selected-pokemon","","","","","","","",""
"obstruct","dark","status","","100","12","4","","","","","user","","","","","","","",""
"oceanic-operetta","water","special","195","","1","0","Inflicts regular damage with no additional effect.","","","","selected-pokemon","","","","","","","",""
"octazooka","water","special","65","85","12","0","Has a $effect_chance% chance to lower the target’s accuracy by one stage.","50","","","selected-pokemon","","","","","","","",""
"octolock","fighting","status","","100","16","0","","","","","selected-pokemon","","","","","","","",""
"odor-sleuth","normal","status","","","20","0","Forces the target to have no Evade, and allows it to be hit by Normal and Fighting moves even if it’s a Ghost.","","","","selected-pokemon","","","","","","","",""
"ominous-wind","ghost","special","60","100","8","0","Has a $effect_chance% chance to raise all of the user’s stats by one stage.","10","","","selected-pokemon","","","","","","","",""
"order-up","dragon","physical","80","100","12","0","","","","","selected-pokemon","","","","","","","",""
"origin-pulse","water","special","110","85","12","0","Inflicts regular damage with no additional effect.","","","","all-opponents","","","","","","","",""
"outrage","dragon","physical","120","100","12","0","Hits every turn for 2-3 turns, then confuses the user.","","","","random-opponent","","","","","","","",""
"overdrive","electric","special","80","100","12","0","","","","","all-opponents","","","","","","","",""
"overheat","fire","special","130","90","8","0","Lowers the user’s Special Attack by two stages after inflicting damage.","100","","","selected-pokemon","","","","","","","",""
"pain-split","normal","status","","","20","0","Sets the user’s and targets’s HP to the average of their current HP.","","","","selected-pokemon","","","","","","","",""
"parabolic-charge","electric","special","65","100","20","0","Heals the user for half the total damage dealt to all targets.","","","","all-other-pokemon","","","","","","","",""
"parting-shot","dark","status","","100","20","0","Lowers all targets’ Attack and Special Attack by one stage.  Makes the user switch out.","100","","","selected-pokemon","","","","","","","",""
"pay-day","normal","physical","40","100","20","0","Scatters money on the ground worth five times the user’s level.","","","","selected-pokemon","","","","","","","",""
"payback","dark","physical","50","100","12","0","Power is doubled if the target has already moved this turn.","","","","selected-pokemon","","","","","","","",""
"peck","flying","physical","35","100","20","0","Inflicts regular damage with no additional effect.","","","","selected-pokemon","","","","","","","",""
"perish-song","normal","status","","","8","0","User and target both faint after three turns.","","","","all-pokemon","","","","","","","",""
"petal-blizzard","grass","physical","90","100","16","0","Inflicts regular damage.","","","","all-other-pokemon","","","","","","","",""
"petal-dance","grass","special","120","100","12","0","Hits every turn for 2-3 turns, then confuses the user.","","","","random-opponent","","","","","","","",""
"phantom-force","ghost","physical","90","100","12","0","User vanishes, dodging all attacks, and hits next turn.  Hits through Protect and Detect.","","","","selected-pokemon","","","","","","","",""
"photon-geyser","psychic","special","100","100","8","0","Inflicts regular damage with no additional effect.","","","","selected-pokemon","","","","","","","",""
"pika-papow","electric","special","","","20","0","Inflicts regular damage with no additional effect.","","","","selected-pokemon","","","","","","","",""
"pin-missile","bug","physical","25","95","20","0","Hits 2-5 times in one turn.","","2","5","selected-pokemon","","","","","","","",""
"plasma-fists","electric","physical","100","100","16","0","After inflicting damage, causes all Normal-type moves to become Electric-type for the remainder of the turn.","","","","selected-pokemon","","","","","","","",""
"play-nice","normal","status","","","20","0","Lowers the target’s Attack by one stage.","100","","","selected-pokemon","","","","","","","",""
"play-rough","fairy","physical","90","90","12","0","Has a $effect_chance% chance to lower the target’s Attack by one stage.","10","","","selected-pokemon","","","","","","","",""
"pluck","flying","physical","60","100","20","0","If target has a berry, inflicts double damage and uses the berry.","","","","selected-pokemon","","","","","","","",""
"poison-fang","poison","physical","50","100","16","0","Has a $effect_chance% chance to badly poison the target.","50","","","selected-pokemon","","","","","","","",""
"poison-gas","poison","status","","90","20","0","Poisons the target.","","","","all-opponents","","","","","","","",""
"poison-jab","poison","physical","80","100","20","0","Has a $effect_chance% chance to poison the target.","30","","","selected-pokemon","","","","","","","",""
"poison-powder","poison","status","","75","20","0","Poisons the target.","","","","selected-pokemon","","","","","","","",""
"poison-sting","poison","physical","15","100","20","0","Has a $effect_chance% chance to poison the target.","30","","","selected-pokemon","","","","","","","",""
"poison-tail","poison","physical","50","100","20","0","Has an increased chance for a critical hit and a $effect_chance% chance to poison the target.","10","","","selected-pokemon","","","","","","","",""
"pollen-puff","bug","special","90","100","16","0","Damages opponents, but heals allies for 50% of their max HP.","","","","selected-pokemon","","","","","","","",""
"poltergeist","ghost","physical","110","90","8","0","Inflicts regular damage with no additional effect.","","","","selected-pokemon","","","","","","","",""
"population-bomb","normal","physical","20","90","12","0","","","","","selected-pokemon","","","","","","","",""
"pounce","bug","physical","50","100","20","0","","","","","selected-pokemon","","","","","","","",""
"pound","normal","physical","40","100","20","0","Inflicts regular damage with no additional effect.","","","","selected-pokemon","","","","","","","",""
"powder","bug","status","","100","20","1","Explodes if the target uses a fire move this turn, damaging it for 1/4 its max HP and preventing the move.","","","","selected-pokemon","","","","","","","",""
"powder-snow","ice","special","40","100","20","0","Has a $effect_chance% chance to freeze the target.","10","","","all-opponents","","","","","","","",""
"power-gem","rock","special","80","100","20","0","Inflicts regular damage with no additional effect.","","","","selected-pokemon","","","","","","","",""
"power-shift","normal","status","0","","12","0","","","","","user","","","","","","","",""
"power-split","psychic","status","","","12","0","Averages Attack and Special Attack with the target.","","","","selected-pokemon","","","","","","","",""
"power-swap","psychic","status","","","12","0","User swaps Attack and Special Attack changes with the target.","","","","selected-pokemon","","","","","","","",""
"power-trick","psychic","status","","","12","0","User swaps Attack and Defense.","","","","user","","","","","","","",""
"power-trip","dark","physical","20","100","12","0","Power is higher the more the user’s stats have been raised, to a maximum of 31×.","","","","selected-pokemon","","","","","","","",""
"power-whip","grass","physical","120","85","12","0","Inflicts regular damage with no additional effect.","","","","selected-pokemon","","","","","","","",""
"power-up-punch","fighting","physical","40","100","20","0","Raises the user’s Attack by one stage after inflicting damage.","100","","","selected-pokemon","","","","","","","",""
"precipice-blades","ground","physical","120","85","12","0","Inflicts regular damage with no additional effect.","","","","all-opponents","","","","","","","",""
"present","normal","physical","","90","16","0","Randomly inflicts damage with power from 40 to 120 or heals the target for 1/4 its max HP.","","","","selected-pokemon","","","","","","","",""
"prismatic-laser","psychic","special","160","100","12","0","User foregoes its next turn to recharge.","","","","selected-pokemon","","","","","","","",""
"protect","normal","status","","","8","4","Prevents any moves from hitting the user this turn.","","","","user","","","","","","","",""
"psybeam","psychic","special","65","100","20","0","Has a $effect_chance% chance to confuse the target.","10","","","selected-pokemon","","","","","","","",""
"psyblade","psychic","physical","80","100","16","0","","","","","selected-pokemon","","","","","","","",""
"psych-up","normal","status","","","12","0","Discards the user’s stat changes and copies the target’s.","","","","selected-pokemon","","","","","","","",""
"psychic","psychic","special","90","100","12","0","Has a $effect_chance% chance to lower the target’s Special Defense by one stage.","10","","","selected-pokemon","","","","","","","",""
"psychic-fangs","psychic","physical","85","100","12","0","Destroys Reflect and Light Screen.","","","","selected-pokemon","","","","","","","",""
"psychic-noise","psychic","special","75","100","12","0","","","","","selected-pokemon","","","","","","","",""
"psychic-terrain","psychic","status","","","12","0","Protects Pokémon on the ground from priority moves and increases the power of their  Psychic moves by 50%.","","","","entire-field","","","","","","","",""
"psycho-boost","psychic","special","140","90","8","0","Lowers the user’s Special Attack by two stages after inflicting damage.","100","","","selected-pokemon","","","","","","","",""
"psycho-cut","psychic","physical","70","100","20","0","Has an increased chance for a critical hit.","","","","selected-pokemon","","","","","","","",""
"psycho-shift","psychic","status","","100","12","0","Transfers the user’s major status effect to the target.","","","","selected-pokemon","","","","","","","",""
"psyshield-bash","psychic","physical","90","90","12","0","","","","","selected-pokemon","","","","","","","",""
"psyshock","psychic","special","80","100","12","0","Inflicts damage based on the target’s Defense, not Special Defense.","","","","selected-pokemon","","","","","","","",""
"psystrike","psychic","special","100","100","12","0","Inflicts damage based on the target’s Defense, not Special Defense.","","","","selected-pokemon","","","","","","","",""
"psywave","psychic","special","","100","16","0","Inflicts damage between 50% and 150% of the user’s level.","","","","selected-pokemon","","","","","","","",""
"pulverizing-pancake","normal","physical","210","","1","0","Inflicts regular damage with no additional effect.","","","","selected-pokemon","","","","","","","",""
"punishment","dark","physical","","100","8","0","Power increases against targets with more raised stats, up to a maximum of 200.","","","","selected-pokemon","","","","","","","",""
"purify","poison","status","","","20","0","Cures the target of a major status ailment and heals the user for 50% of its max HP.","","","","selected-pokemon","","","","","","","",""
"pursuit","dark","physical","40","100","20","0","Has double power against, and can hit, Pokémon attempting to switch out.","","","","selected-pokemon","","","","","","","",""
"pyro-ball","fire","physical","120","90","8","0","Has a $effect_chance% chance to burn the target.","10","","","selected-pokemon","","","","","","","",""
"quash","dark","status","","100","16","0","Makes the target act last this turn.","","","","selected-pokemon","","","","","","","",""
"quick-attack","normal","physical","40","100","20","1","Inflicts regular damage with no additional effect.","","","","selected-pokemon","","","","","","","",""
"quick-guard","fighting","status","","","16","3","Prevents any priority moves from hitting friendly Pokémon this turn.","","","","users-field","","","","","","","",""
"quiver-dance","bug","status","","","20","0","Raises the user’s Special Attack, Special Defense, and Speed by one stage each.","","","","user","","","","","","","",""
"rage","normal","physical","20","100","20","0","If the user is hit after using this move, its Attack rises by one stage.","","","","selected-pokemon","","","","","","","",""
"rage-fist","ghost","physical","50","100","12","0","","","","","selected-pokemon","","","","","","","",""
"rage-powder","bug","status","","","20","2","Redirects the target’s single-target effects to the user for this turn.","","","","user","","","","","","","",""
"raging-bull","normal","physical","90","100","12","0","","","","","selected-pokemon","","","","","","","",""
"raging-fury","fire","physical","120","100","12","0","","","","","random-opponent","","","","","","","",""
"rain-dance","water","status","","","8","0","Changes the weather to rain for five turns.","","","","entire-field","","","","","","","",""
"rapid-spin","normal","physical","50","100","20","0","Frees the user from binding moves, removes Leech Seed, and blows away Spikes.","100","","","selected-pokemon","","","","","","","",""
"razor-leaf","grass","physical","55","95","20","0","Has an increased chance for a critical hit.","","","","all-opponents","","","","","","","",""
"razor-shell","water","physical","75","95","12","0","Has a $effect_chance% chance to lower the target’s Defense by one stage.","50","","","selected-pokemon","","","","","","","",""
"razor-wind","normal","special","80","100","12","0","Requires a turn to charge before attacking.","","","","all-opponents","","","","","","","",""
"recover","normal","status","","","8","0","Heals the user by half its max HP.","","","","user","","","","","","","",""
"recycle","normal","status","","","12","0","User recovers the item it last used up.","","","","user","","","","","","","",""
"reflect","psychic","status","","","20","0","Reduces damage from physical attacks by half.","","","","users-field","","","","","","","",""
"reflect-type","normal","status","","","16","0","User becomes the target’s type.","","","","selected-pokemon","","","","","","","",""
"refresh","normal","status","","","20","0","Cleanses the user of a burn, paralysis, or poison.","","","","user","","","","","","","",""
"relic-song","normal","special","75","100","12","0","Has a $effect_chance% chance to put the target to sleep.","10","","","all-opponents","","","","","","","",""
"rest","psychic","status","","","8","0","User sleeps for two turns, completely healing itself.","","","","user","","","","","","","",""
"retaliate","normal","physical","70","100","8","0","Has double power if a friendly Pokémon fainted last turn.","","","","selected-pokemon","","","","","","","",""
"return","normal","physical","","100","20","0","Power increases with happiness, up to a maximum of 102.","","","","selected-pokemon","","","","","","","",""
"revelation-dance","normal","special","90","100","16","0","Has the same type as the user.","","","","selected-pokemon","","","","","","","",""
"revenge","fighting","physical","60","100","12","-4","Inflicts double damage if the user takes damage before attacking this turn.","","","","selected-pokemon","","","","","","","",""
"reversal","fighting","physical","","100","16","0","Inflicts more damage when the user has less HP remaining, with a maximum of 200 power.","","","","selected-pokemon","","","","","","","",""
"revival-blessing","normal","status","0","","1","0","","","","","fainting-pokemon","","","","","","","",""
"rising-voltage","electric","special","70","100","20","0","Inflicts regular damage with no additional effect.","","","","selected-pokemon","","","","","","","",""
"roar","normal","status","","","20","-6","Immediately ends wild battles.  Forces trainers to switch Pokémon.","","","","selected-pokemon","","","","","","","",""
"roar-of-time","dragon","special","150","90","8","0","User foregoes its next turn to recharge.","","","","selected-pokemon","","","","","","","",""
"rock-blast","rock","physical","25","90","12","0","Hits 2-5 times in one turn.","","2","5","selected-pokemon","","","","","","","",""
"rock-climb","normal","physical","90","85","20","0","Has a $effect_chance% chance to confuse the target.","20","","","selected-pokemon","","","","","","","",""
"rock-polish","rock","status","","","20","0","Raises the user’s Speed by two stages.","","","","user","","","","","","","",""
"rock-slide","rock","physical","75","90","12","0","Has a $effect_chance% chance to make the target flinch.","30","","","all-opponents","","","","","","","",""
"rock-smash","fighting","physical","40","100","16","0","Has a $effect_chance% chance to lower the target’s Defense by one stage.","50","","","selected-pokemon","","","","","","","",""
"rock-throw","rock","physical","50","90","16","0","Inflicts regular damage with no additional effect.","","","","selected-pokemon","","","","","","","",""
"rock-tomb","rock","physical","60","95","16","0","Has a $effect_chance% chance to lower the target’s Speed by one stage.","100","","","selected-pokemon","","","","","","","",""
"rock-wrecker","rock","physical","150","90","8","0","User foregoes its next turn to recharge.","","","","selected-pokemon","","","","","","","",""
"role-play","psychic","status","","","12","0","Copies the target’s ability.","","","","selected-pokemon","","","","","","","",""
"rolling-kick","fighting","physical","60","85","16","0","Has a $effect_chance% chance to make the target flinch.","30","","","selected-pokemon","","","","","","","",""
"rollout","rock","physical","30","90","20","0","Power doubles every turn this move is used in succession after the first, resetting after five turns.","","","","selected-pokemon","","","","","","","",""
"roost","flying","status","","","8","0","Heals the user by half its max HP.","","","","user","","","","","","","",""
"rototiller","ground","status","","","12","0","Raises the Attack and Special Attack of all grass Pokémon in battle.","100","","","all-pokemon","","","","","","","",""
"round","normal","special","60","100","16","0","Has double power if it’s used more than once per turn.","","","","selected-pokemon","","","","","","","",""
"ruination","dark","special","1","90","12","0","","","","","selected-pokemon","","","","","","","",""
"sacred-fire","fire","physical","100","95","8","0","Has a $effect_chance% chance to burn the target.  Lets frozen Pokémon thaw themselves.","50","","","selected-pokemon","","","","","","","",""
"sacred-sword","fighting","physical","90","100","16","0","Ignores the target’s stat modifiers.","","","","selected-pokemon","","","","","","","",""
"safeguard","normal","status","","","20","0","Protects the user’s field from major status ailments and confusion for five turns.","","","","users-field","","","","","","","",""
"salt-cure","rock","physical","40","100","16","0","","","","","selected-pokemon","","","","","","","",""
"sand-attack","ground","status","","100","16","0","Lowers the target’s accuracy by one stage.","","","","selected-pokemon","","","","","","","",""
"sand-tomb","ground","physical","35","85","16","0","Prevents the target from fleeing and inflicts damage for 2-5 turns.","100","","","selected-pokemon","","","","","","","",""
"sandsear-storm","ground","special","100","80","12","0","","","","","all-opponents","","","","","","","",""
"sandstorm","rock","status","","","12","0","Changes the weather to a sandstorm for five turns.","","","","entire-field","","","","","","","",""
"sappy-seed","grass","physical","100","90","12","0","Inflicts regular damage with no additional effect.","100","","","selected-pokemon","","","","","","","",""
"savage-spin-out--special","bug","special","","","1","0","Inflicts regular damage with no additional effect.","","","","selected-pokemon","","","","","","","",""
"savage-spin-out--physical","bug","physical","","","1","0","Inflicts regular damage with no additional effect.","","","","selected-pokemon","","","","","","","",""
"scald","water","special","80","100","16","0","Has a $effect_chance% chance to burn the target.","30","","","selected-pokemon","","","","","","","",""
"scale-shot","dragon","physical","25","90","20","0","Boosts the user’s Speed and lowers their Defense by one stage after inflicting damage two to five times in a row.","","2","5","selected-pokemon","","","","","","","",""
"scary-face","normal","status","","100","12","0","Lowers the target’s Speed by two stages.","","","","selected-pokemon","","","","","","","",""
"scorching-sands","ground","special","70","100","12","0","Has a $effect_chance% chance to burn the target.","30","","","selected-pokemon","","","","","","","",""
"scratch","normal","physical","40","100","20","0","Inflicts regular damage with no additional effect.","","","","selected-pokemon","","","","","","","",""
"screech","normal","status","","85","20","0","Lowers the target’s Defense by two stages.","","","","selected-pokemon","","","","","","","",""
"searing-shot","fire","special","100","100","8","0","Has a $effect_chance% chance to burn the target.","30","","","all-other-pokemon","","","","","","","",""
"searing-sunraze-smash","steel","physical","200","","1","0","Cannot be disrupted by abilities.","","","","selected-pokemon","","","","","","","",""
"secret-power","normal","physical","70","100","20","0","Has a $effect_chance% chance to inflict a status effect which depends upon the terrain.","30","","","selected-pokemon","","","","","","","",""
"secret-sword","fighting","special","85","100","12","0","Inflicts damage based on the target’s Defense, not Special Defense.","","","","selected-pokemon","","","","","","","",""
"seed-bomb","grass","physical","80","100","16","0","Inflicts regular damage with no additional effect.","","","","selected-pokemon","","","","","","","",""
"seed-flare","grass","special","120","85","8","0","Has a $effect_chance% chance to lower the target’s Special Defense by two stages.","40","","","selected-pokemon","","","","","","","",""
"seismic-toss","fighting","physical","","100","20","0","Inflicts damage equal to the user’s level.","","","","selected-pokemon","","","","","","","",""
"self-destruct","normal","physical","200","100","8","0","User faints.","","","","all-other-pokemon","","","","","","","",""
"shadow-ball","ghost","special","80","100","16","0","Has a $effect_chance% chance to lower the target’s Special Defense by one stage.","20","","","selected-pokemon","","","","","","","",""
"shadow-blast","shadow","physical","80","100","null","0","Has an increased chance for a critical hit.","","","","selected-pokemon","","","","","","","",""
"shadow-blitz","shadow","physical","40","100","null","0","Inflicts regular damage with no additional effect.","","","","selected-pokemon","","","","","","","",""
"shadow-bolt","shadow","special","75","100","null","0","Has a $effect_chance% chance to paralyze the target.","10","","","selected-pokemon","","","","","","","",""
"shadow-bone","ghost","physical","85","100","12","0","Has a $effect_chance% chance to lower the target’s Defense by one stage.","20","","","selected-pokemon","","","","","","","",""
"shadow-break","shadow","physical","75","100","null","0","Inflicts regular damage with no additional effect.","","","","selected-pokemon","","","","","","","",""
"shadow-chill","shadow","special","75","100","null","0","Has a $effect_chance% chance to freeze the target.","10","","","selected-pokemon","","","","","","","",""
"shadow-claw","ghost","physical","70","100","16","0","Has an increased chance for a critical hit.","","","","selected-pokemon","","","","","","","",""
"shadow-down","shadow","status","","100","null","0","Lowers the target’s Defense by two stages.","","","","opponents-field","","","","","","","",""
"shadow-end","shadow","physical","120","60","null","0","User receives 1/2 its HP in recoil.","","","","selected-pokemon","","","","","","","",""
"shadow-fire","shadow","special","75","100","null","0","Has a $effect_chance% chance to burn the target.","10","","","selected-pokemon","","","","","","","",""
"shadow-force","ghost","physical","120","100","8","0","User vanishes, dodging all attacks, and hits next turn.  Hits through Protect and Detect.","","","","selected-pokemon","","","","","","","",""
"shadow-half","shadow","special","","100","null","0","Halves HP of all Pokémon on the field.  Must recharge","","","","entire-field","","","","","","","",""
"shadow-hold","shadow","status","","","null","0","Prevents the target from leaving battle.","","","","opponents-field","","","","","","","",""
"shadow-mist","shadow","status","","100","null","0","Lowers the target’s evasion by two stages.","","","","opponents-field","","","","","","","",""
"shadow-panic","shadow","status","","90","null","0","Confuses the target.","","","","opponents-field","","","","","","","",""
"shadow-punch","ghost","physical","60","","20","0","Never misses.","","","","selected-pokemon","","","","","","","",""
"shadow-rave","shadow","special","70","100","null","0","Inflicts regular damage with no additional effect.","","","","opponents-field","","","","","","","",""
"shadow-rush","shadow","physical","55","100","null","0","Has an increased chance for a critical hit in Hyper Mode.","","","","selected-pokemon","","","","","","","",""
"shadow-shed","shadow","status","","","null","0","Removes Light Screen, Reflect, and Safeguard.","","","","entire-field","","","","","","","",""
"shadow-sky","shadow","status","","","null","0","Changes the weather to Shadow Sky for five turns.","","","","entire-field","","","","","","","",""
"shadow-sneak","ghost","physical","40","100","20","1","Inflicts regular damage with no additional effect.","","","","selected-pokemon","","","","","","","",""
"shadow-storm","shadow","special","95","100","null","0","Inflicts regular damage with no additional effect.","","","","opponents-field","","","","","","","",""
"shadow-wave","shadow","special","50","100","null","0","Inflicts regular damage with no additional effect.","","","","opponents-field","","","","","","","",""
"sharpen","normal","status","","","20","0","Raises the user’s Attack by one stage.","","","","user","","","","","","","",""
"shattered-psyche--physical","psychic","physical","","","1","0","Inflicts regular damage with no additional effect.","","","","selected-pokemon","","","","","","","",""
"shattered-psyche--special","psychic","special","","","1","0","Inflicts regular damage with no additional effect.","","","","selected-pokemon","","","","","","","",""
"shed-tail","normal","status","0","","12","0","","","","","user","","","","","","","",""
"sheer-cold","ice","special","","30","8","0","Causes a one-hit KO.","","","","selected-pokemon","","","","","","","",""
"shell-side-arm","poison","special","90","100","12","0","Inflicts regular damage with no additional effect.","20","","","selected-pokemon","","","","","","","",""
"shell-smash","normal","status","","","16","0","Raises user’s Attack, Special Attack, and Speed by two stages.  Lower user’s Defense and Special Defense by one stage.","","","","user","","","","","","","",""
"shell-trap","fire","special","150","100","8","-3","Only inflicts damage if the user was hit by a physical move this turn.","","","","all-opponents","","","","","","","",""
"shelter","steel","status","0","","12","0","","","","","user","","","","","","","",""
"shift-gear","steel","status","","","12","0","Raises the user’s Attack by one stage and its Speed by two stages.","","","","user","","","","","","","",""
"shock-wave","electric","special","60","","20","0","Never misses.","","","","selected-pokemon","","","","","","","",""
"shore-up","ground","status","","","8","0","Heals the user for ½ its max HP, or ⅔ during a sandstorm.","","","","user","","","","","","","",""
"signal-beam","bug","special","75","100","16","0","Has a $effect_chance% chance to confuse the target.","10","","","selected-pokemon","","","","","","","",""
"silk-trap","bug","status","0","","12","4","","","","","user","","","","","","","",""
"silver-wind","bug","special","60","100","8","0","Has a $effect_chance% chance to raise all of the user’s stats by one stage.","10","","","selected-pokemon","","","","","","","",""
"simple-beam","normal","status","","100","16","0","Changes the target’s ability to Simple.","","","","selected-pokemon","","","","","","","",""
"sing","normal","status","","55","16","0","Puts the target to sleep.","","","","selected-pokemon","","","","","","","",""
"sinister-arrow-raid","ghost","physical","180","","1","0","Inflicts regular damage with no additional effect.","","","","selected-pokemon","","","","","","","",""
"sizzly-slide","fire","physical","60","100","20","0","Inflicts regular damage with no additional effect.","100","","","selected-pokemon","","","","","","","",""
"sketch","normal","status","","","1","0","Permanently becomes the target’s last used move.","","","","selected-pokemon","","","","","","","",""
"skill-swap","psychic","status","","","12","0","User and target swap abilities.","","","","selected-pokemon","","","","","","","",""
"skitter-smack","bug","physical","70","90","12","0","Inflicts regular damage with no additional effect.","100","","","selected-pokemon","","","","","","","",""
"skull-bash","normal","physical","130","100","12","0","Raises the user’s Defense by one stage.  User charges for one turn before attacking.","100","","","selected-pokemon","","","","","","","",""
"sky-attack","flying","physical","140","90","8","0","User charges for one turn before attacking.  Has a $effect_chance% chance to make the target flinch.","30","","","selected-pokemon","","","","","","","",""
"sky-drop","flying","physical","60","100","12","0","Carries the target high into the air, dodging all attacks against either, and drops it next turn.","","","","selected-pokemon","","","","","","","",""
"sky-uppercut","fighting","physical","85","90","16","0","Inflicts regular damage and can hit Bounce and Fly users.","","","","selected-pokemon","","","","","","","",""
"slack-off","normal","status","","","8","0","Heals the user by half its max HP.","","","","user","","","","","","","",""
"slam","normal","physical","80","75","20","0","Inflicts regular damage with no additional effect.","","","","selected-pokemon","","","","","","","",""
"slash","normal","physical","70","100","20","0","Has an increased chance for a critical hit.","","","","selected-pokemon","","","","","","","",""
"sleep-powder","grass","status","","75","16","0","Puts the target to sleep.","","","","selected-pokemon","","","","","","","",""
"sleep-talk","normal","status","","","12","0","Randomly uses one of the user’s other three moves.  Only works if the user is sleeping.","","","","user","","","","","","","",""
"sludge","poison","special","65","100","20","0","Has a $effect_chance% chance to poison the target.","30","","","selected-pokemon","","","","","","","",""
"sludge-bomb","poison","special","90","100","12","0","Has a $effect_chance% chance to poison the target.","30","","","selected-pokemon","","","","","","","",""
"sludge-wave","poison","special","95","100","12","0","Has a $effect_chance% chance to poison the target.","10","","","all-other-pokemon","","","","","","","",""
"smack-down","rock","physical","50","100","16","0","Removes any immunity to Ground damage.","100","","","selected-pokemon","","","","","","","",""
"smart-strike","steel","physical","70","","12","0","Never misses.","","","","selected-pokemon","","","","","","","",""
"smelling-salts","normal","physical","70","100","12","0","If the target is paralyzed, inflicts double damage and cures the paralysis.","","","","selected-pokemon","","","","","","","",""
"smog","poison","special","30","70","20","0","Has a $effect_chance% chance to poison the target.","40","","","selected-pokemon","","","","","","","",""
"smokescreen","normal","status","","100","20","0","Lowers the target’s accuracy by one stage.","","","","selected-pokemon","","","","","","","",""
"snap-trap","grass","physical","35","100","16","0","Prevents the target from fleeing and inflicts damage for 2-5 turns.","100","","","selected-pokemon","","","","","","","",""
"snarl","dark","special","55","95","16","0","Has a $effect_chance% chance to lower the target’s Special Attack by one stage.","100","","","all-opponents","","","","","","","",""
"snatch","dark","status","","","12","4","Steals the target’s move, if it’s self-targeted.","","","","user","","","","","","","",""
"snipe-shot","water","special","80","100","16","0","Sets Reflect on the user’s side of the field after inflicting damage.","","","","selected-pokemon","","","","","","","",""
"snore","normal","special","50","100","16","0","Has a $effect_chance% chance to make the target flinch.  Only works if the user is sleeping.","30","","","selected-pokemon","","","","","","","",""
"snowscape","ice","status","0","","12","0","","","","","entire-field","","","","","","","",""
"soak","water","status","","100","20","0","Changes the target’s type to Water.","","","","selected-pokemon","","","","","","","",""
"soft-boiled","normal","status","","","8","0","Heals the user by half its max HP.","","","","user","","","","","","","",""
"solar-beam","grass","special","120","100","12","0","Requires a turn to charge before attacking.","","","","selected-pokemon","","","","","","","",""
"solar-blade","grass","physical","125","100","12","0","Requires a turn to charge before attacking.","","","","selected-pokemon","","","","","","","",""
"sonic-boom","normal","special","","90","20","0","Inflicts 20 points of damage.","","","","selected-pokemon","","","","","","","",""
"soul-stealing-7-star-strike","ghost","physical","195","","1","0","Inflicts regular damage with no additional effect.","","","","selected-pokemon","","","","","","","",""
"spacial-rend","dragon","special","100","95","8","0","Has an increased chance for a critical hit.","","","","selected-pokemon","","","","","","","",""
"spark","electric","physical","65","100","20","0","Has a $effect_chance% chance to paralyze the target.","30","","","selected-pokemon","","","","","","","",""
"sparkling-aria","water","special","90","100","12","0","Cures the target of burns.","","","","all-other-pokemon","","","","","","","",""
"sparkly-swirl","fairy","special","120","85","8","0","Inflicts regular damage with no additional effect.","","","","selected-pokemon","","","","","","","",""
"spectral-thief","ghost","physical","90","100","12","0","Steals the target’s stat increases, then inflicts damage.","","","","selected-pokemon","","","","","","","",""
"speed-swap","psychic","status","","","12","0","Exchanges the user’s Speed with the target’s.","","","","selected-pokemon","","","","","","","",""
"spicy-extract","grass","status","0","","16","0","","","","","selected-pokemon","","","","","","","",""
"spider-web","bug","status","","","12","0","Prevents the target from leaving battle.","","","","selected-pokemon","","","","","","","",""
"spike-cannon","normal","physical","20","100","16","0","Hits 2-5 times in one turn.","","2","5","selected-pokemon","","","","","","","",""
"spikes","ground","status","","","20","0","Scatters Spikes, hurting opposing Pokémon that switch in.","","","","opponents-field","","","","","","","",""
"spiky-shield","grass","status","","","12","4","Blocks damaging attacks and damages attacking Pokémon for 1/8 their max HP.","","","","user","","","","","","","",""
"spin-out","steel","physical","100","100","8","0","","","","","selected-pokemon","","","","","","","",""
"spirit-break","fairy","physical","75","100","16","0","Has a $effect_chance% chance to lower the target’s Special Attack by one stage.","100","","","selected-pokemon","","","","","","","",""
"spirit-shackle","ghost","physical","90","100","12","0","Traps the target.","","","","selected-pokemon","","","","","","","",""
"spit-up","normal","special","","100","12","0","Power is 100 times the amount of energy Stockpiled.","","","","selected-pokemon","","","","","","","",""
"spite","ghost","status","","100","12","0","Lowers the PP of the target’s last used move by 4.","","","","selected-pokemon","","","","","","","",""
"splash","normal","status","","","20","0","Does nothing.","","","","user","","","","","","","",""
"splintered-stormshards","rock","physical","190","","1","0","Inflicts damage and removes any terrain present on the battlefield.","","","","selected-pokemon","","","","","","","",""
"splishy-splash","water","special","90","100","16","0","Inflicts regular damage with no additional effect.","30","","","all-opponents","","","","","","","",""
"spore","grass","status","","100","16","0","Puts the target to sleep.","","","","selected-pokemon","","","","","","","",""
"spotlight","normal","status","","","16","3","Forces the target’s opponents to aim at the target for the rest of the turn.","","","","selected-pokemon","","","","","","","",""
"springtide-storm","fairy","special","100","80","8","0","","","","","all-opponents","","","","","","","",""
"stealth-rock","rock","status","","","20","0","Causes damage when opposing Pokémon switch in.","","","","opponents-field","","","","","","","",""
"steam-eruption","water","special","110","95","8","0","Has a $effect_chance% chance to burn the target.","30","","","selected-pokemon","","","","","","","",""
"steamroller","bug","physical","65","100","20","0","Has a $effect_chance% chance to make the target flinch.","30","","","selected-pokemon","","","","","","","",""
"steel-beam","steel","special","140","95","8","0","Inflicts damage, and the user takes damage equal to half of its max HP, rounded up.","","","","selected-pokemon","","","","","","","",""
"steel-roller","steel","physical","130","100","8","0","Inflicts regular damage with no additional effect.","","","","selected-pokemon","","","","","","","",""
"steel-wing","steel","physical","70","90","20","0","Has a 10% chance to raise the user’s Defense by one stage.","10","","","selected-pokemon","","","","","","","",""
"sticky-web","bug","status","","","20","0","Covers the opposing field, lowering opponents’ Speed by one stage upon switching in.","","","","opponents-field","","","","","","","",""
"stockpile","normal","status","","","20","0","Stores energy up to three times for use with Spit Up and Swallow.","","","","user","","","","","","","",""
"stoked-sparksurfer","electric","special","175","","1","0","Has a $effect_chance% chance to paralyze the target.","100","","","selected-pokemon","","","","","","","",""
"stomp","normal","physical","65","100","20","0","Has a $effect_chance% chance to make the target flinch.","30","","","selected-pokemon","","","","","","","",""
"stomping-tantrum","ground","physical","75","100","12","0","Has double power if the user’s last move failed.","","","","selected-pokemon","","","","","","","",""
"stone-axe","rock","physical","65","90","16","0","","","","","selected-pokemon","","","","","","","",""
"stone-edge","rock","physical","100","80","8","0","Has an increased chance for a critical hit.","","","","selected-pokemon","","","","","","","",""
"stored-power","psychic","special","20","100","12","0","Power is higher the more the user’s stats have been raised, to a maximum of 31×.","","","","selected-pokemon","","","","","","","",""
"storm-throw","fighting","physical","60","100","12","0","Always scores a critical hit.","","","","selected-pokemon","","","","","","","",""
"strange-steam","fairy","special","90","95","12","0","Has a $effect_chance% chance to confuse the target.","20","","","selected-pokemon","","","","","","","",""
"strength","normal","physical","80","100","16","0","Inflicts regular damage with no additional effect.","","","","selected-pokemon","","","","","","","",""
"strength-sap","grass","status","","100","12","0","Heals the user by the target’s current Attack stat and lowers the target’s Attack by one stage.","100","","","selected-pokemon","","","","","","","",""
"string-shot","bug","status","","95","20","0","Lowers the target’s Speed by two stages.","","","","all-opponents","","","","","","","",""
"struggle","normal","physical","50","","1","0","User takes 1/4 its max HP in recoil.","","","","random-opponent","","","","","","","",""
"struggle-bug","bug","special","50","100","20","0","Has a $effect_chance% chance to lower the target’s Special Attack by one stage.","100","","","all-opponents","","","","","","","",""
"stuff-cheeks","normal","status","","","12","0","Cures the entire party of major status effects after inflicting damage.","100","","","user","","","","","","","",""
"stun-spore","grass","status","","75","20","0","Paralyzes the target.","","","","selected-pokemon","","","","","","","",""
"submission","fighting","physical","80","80","20","0","User receives 1/4 the damage it inflicts in recoil.","","","","selected-pokemon","","","","","","","",""
"substitute","normal","status","","","12","0","Transfers 1/4 of the user’s max HP into a doll, protecting the user from further damage or status changes until it breaks.","","","","user","","","","","","","",""
"subzero-slammer--special","ice","special","","","1","0","Inflicts regular damage with no additional effect.","","","","selected-pokemon","","","","","","","",""
"subzero-slammer--physical","ice","physical","","","1","0","Inflicts regular damage with no additional effect.","","","","selected-pokemon","","","","","","","",""
"sucker-punch","dark","physical","70","100","8","1","Only works if the target is about to use a damaging move.","","","","selected-pokemon","","","","","","","",""
"sunny-day","fire","status","","","8","0","Changes the weather to sunny for five turns.","","","","entire-field","","","","","","","",""
"sunsteel-strike","steel","physical","100","100","8","0","Cannot be disrupted by abilities.","","","","selected-pokemon","","","","","","","",""
"super-fang","normal","physical","","90","12","0","Inflicts damage equal to half the target’s HP.","","","","selected-pokemon","","","","","","","",""
"supercell-slam","electric","physical","100","95","16","0","","","","","selected-pokemon","","","","","","","",""
"superpower","fighting","physical","120","100","8","0","Lowers the user’s Attack and Defense by one stage after inflicting damage.","100","","","selected-pokemon","","","","","","","",""
"supersonic","normal","status","","55","20","0","Confuses the target.","","","","selected-pokemon","","","","","","","",""
"supersonic-skystrike--special","flying","special","","","1","0","Inflicts regular damage with no additional effect.","","","","selected-pokemon","","","","","","","",""
"supersonic-skystrike--physical","flying","physical","","","1","0","Inflicts regular damage with no additional effect.","","","","selected-pokemon","","","","","","","",""
"surf","water","special","90","100","16","0","Inflicts regular damage and can hit Dive users.","","","","all-other-pokemon","","","","","","","",""
"surging-strikes","water","physical","25","100","8","0","Inflicts regular damage with no additional effect.","","3","3","selected-pokemon","","","","","","","",""
"swagger","normal","status","","85","16","0","Raises the target’s Attack by two stages and confuses the target.","","","","selected-pokemon","","","","","","","",""
"swallow","normal","status","","","12","0","Recovers 1/4 HP after one Stockpile, 1/2 HP after two Stockpiles, or full HP after three Stockpiles.","","","","user","","","","","","","",""
"sweet-kiss","fairy","status","","75","12","0","Confuses the target.","","","","selected-pokemon","","","","","","","",""
"sweet-scent","normal","status","","100","20","0","Lowers the target’s evasion by one stage.","","","","all-opponents","","","","","","","",""
"swift","normal","special","60","","20","0","Never misses.","","","","all-opponents","","","","","","","",""
"switcheroo","dark","status","","100","12","0","User and target swap items.","","","","selected-pokemon","","","","","","","",""
"swords-dance","normal","status","","","20","0","Raises the user’s Attack by two stages.","","","","user","","","","","","","",""
"synchronoise","psychic","special","120","100","12","0","Hits any Pokémon that shares a type with the user.","","","","all-other-pokemon","","","","","","","",""
"synthesis","grass","status","","","8","0","Heals the user by half its max HP.  Affected by weather.","","","","user","","","","","","","",""
"syrup-bomb","grass","special","60","90","12","0","","","","","selected-pokemon","","","","","","","",""
"tachyon-cutter","steel","special","50","0","12","0","","","","","selected-pokemon","","","","","","","",""
"tackle","normal","physical","40","100","20","0","Inflicts regular damage with no additional effect.","","","","selected-pokemon","","","","","","","",""
"tail-glow","bug","status","","","20","0","Raises the user’s Special Attack by three stages.","","","","user","","","","","","","",""
"tail-slap","normal","physical","25","85","12","0","Hits 2-5 times in one turn.","","2","5","selected-pokemon","","","","","","","",""
"tail-whip","normal","status","","100","20","0","Lowers the target’s Defense by one stage.","","","","all-opponents","","","","","","","",""
"tailwind","flying","status","","","16","0","For three turns, friendly Pokémon have doubled Speed.","","","","users-field","","","","","","","",""
"take-down","normal","physical","90","85","20","0","User receives 1/4 the damage it inflicts in recoil.","","","","selected-pokemon","","","","","","","",""
"take-heart","psychic","status","0","","12","0","","","","","all-allies","","","","","","","",""
"tar-shot","rock","status","","100","16","0","","100","","","selected-pokemon","","","","","","","",""
"taunt","dark","status","","100","20","0","For the next few turns, the target can only use damaging moves.","","","","selected-pokemon","","","","","","","",""
"tearful-look","normal","status","","","20","0","Lowers the target’s Attack and Special Attack by one stage.","100","","","selected-pokemon","","","","","","","",""
"teatime","normal","status","","","12","0","","","","","all-pokemon","","","","","","","",""
"techno-blast","normal","special","120","100","8","0","If the user is holding a appropriate plate or drive, the damage inflicted will match it.","","","","selected-pokemon","","","","","","","",""
"tectonic-rage--special","ground","special","","","1","0","Inflicts regular damage with no additional effect.","","","","selected-pokemon","","","","","","","",""
"tectonic-rage--physical","ground","physical","","","1","0","Inflicts regular damage with no additional effect.","","","","selected-pokemon","","","","","","","",""
"teeter-dance","normal","status","","100","20","0","Confuses the target.","","","","all-other-pokemon","","","","","","","",""
"telekinesis","psychic","status","","","16","0","Moves have 100% accuracy against the target for three turns.","","","","selected-pokemon","","","","","","","",""
"teleport","psychic","status","","","20","-6","Immediately ends wild battles.  No effect otherwise.","","","","user","","","","","","","",""
"temper-flare","fire","physical","75","100","12","0","","","","","selected-pokemon","","","","","","","",""
"tera-blast","normal","special","80","100","12","0","","","","","selected-pokemon","","","","","","","",""
"tera-starstorm","normal","special","120","100","8","0","","","","","all-opponents","","","","","","","",""
"terrain-pulse","normal","special","50","100","12","0","Inflicts regular damage with no additional effect.","","","","selected-pokemon","","","","","","","",""
"thief","dark","physical","60","100","20","0","Takes the target’s item.","","","","selected-pokemon","","","","","","","",""
"thousand-arrows","ground","physical","90","100","12","0","Grounds the target, and hits even Flying-type or levitating Pokémon.","100","","","all-opponents","","","","","","","",""
"thousand-waves","ground","physical","90","100","12","0","Prevents the target from leaving battle.","","","","all-opponents","","","","","","","",""
"thrash","normal","physical","120","100","12","0","Hits every turn for 2-3 turns, then confuses the user.","","","","random-opponent","","","","","","","",""
"throat-chop","dark","physical","80","100","16","0","Prevents the target from using sound-based moves for two turns.","100","","","selected-pokemon","","","","","","","",""
"thunder","electric","special","110","70","12","0","Has a $effect_chance% chance to paralyze the target.","30","","","selected-pokemon","","","","","","","",""
"thunder-cage","electric","special","80","90","16","0","Inflicts regular damage with no additional effect.","100","","","selected-pokemon","","","","","","","",""
"thunder-fang","electric","physical","65","95","16","0","Has a $effect_chance% chance to paralyze the target and a $effect_chance% chance to make the target flinch.","10","","","selected-pokemon","","","","","","","",""
"thunder-punch","electric","physical","75","100","16","0","Has a $effect_chance% chance to paralyze the target.","10","","","selected-pokemon","","","","","","","",""
"thunder-shock","electric","special","40","100","20","0","Has a $effect_chance% chance to paralyze the target.","10","","","selected-pokemon","","","","","","","",""
"thunder-wave","electric","status","","90","20","0","Paralyzes the target.","","","","selected-pokemon","","","","","","","",""
"thunderbolt","electric","special","90","100","16","0","Has a $effect_chance% chance to paralyze the target.","10","","","selected-pokemon","","","","","","","",""
"thunderclap","electric","special","70","100","8","1","","","","","selected-pokemon","","","","","","","",""
"thunderous-kick","fighting","physical","90","100","12","0","Inflicts regular damage with no additional effect.","100","","","selected-pokemon","","","","","","","",""
"tickle","normal","status","","100","20","0","Lowers the target’s Attack and Defense by one stage.","","","","selected-pokemon","","","","","","","",""
"tidy-up","normal","status","0","","12","0","","","","","user","","","","","","","",""
"topsy-turvy","dark","status","","","20","0","Inverts the target’s stat modifiers.","","","","selected-pokemon","","","","","","","",""
"torch-song","fire","special","80","100","12","0","","","","","selected-pokemon","","","","","","","",""
"torment","dark","status","","100","16","0","Prevents the target from using the same move twice in a row.","","","","selected-pokemon","","","","","","","",""
"toxic","poison","status","","90","12","0","Badly poisons the target, inflicting more damage every turn.","","","","selected-pokemon","","","","","","","",""
"toxic-spikes","poison","status","","","20","0","Scatters poisoned spikes, poisoning opposing Pokémon that switch in.","","","","opponents-field","","","","","","","",""
"toxic-thread","poison","status","","100","20","0","Poisons the target and lowers its Speed by one stage.","100","","","selected-pokemon","","","","","","","",""
"trailblaze","grass","physical","50","100","20","0","","","","","selected-pokemon","","","","","","","",""
"transform","normal","status","","","12","0","User becomes a copy of the target until it leaves battle.","","","","selected-pokemon","","","","","","","",""
"tri-attack","normal","special","80","100","12","0","Has a $effect_chance% chance to burn, freeze, or paralyze the target.","20","","","selected-pokemon","","","","","","","",""
"trick","psychic","status","","100","12","0","User and target swap items.","","","","selected-pokemon","","","","","","","",""
"trick-room","psychic","status","","","8","-7","For five turns, slower Pokémon will act before faster Pokémon.","","","","entire-field","","","","","","","",""
"trick-or-treat","ghost","status","","100","20","0","Adds ghost to the target’s types.","","","","selected-pokemon","","","","","","","",""
"triple-arrows","fighting","physical","90","100","12","0","","","","","selected-pokemon","","","","","","","",""
"triple-axel","ice","physical","20","90","12","0","Inflicts regular damage with no additional effect.","","3","3","selected-pokemon","","","","","","","",""
"triple-dive","water","physical","30","95","12","0","","","","","selected-pokemon","","","","","","","",""
"triple-kick","fighting","physical","10","90","12","0","Hits three times, increasing power by 100% with each successful hit.","","3","3","selected-pokemon","","","","","","","",""
"trop-kick","grass","physical","85","100","16","0","Lowers the target’s Attack by one stage after inflicting damage.","100","","","selected-pokemon","","","","","","","",""
"trump-card","normal","special","","","8","0","Power increases when this move has less PP, up to a maximum of 200.","","","","selected-pokemon","","","","","","","",""
"twin-beam","psychic","special","40","100","12","0","","","","","selected-pokemon","","","","","","","",""
"twineedle","bug","physical","25","100","20","0","Hits twice in the same turn.  Has a $effect_chance% chance to poison the target.","20","2","2","selected-pokemon","","","","","","","",""
"twinkle-tackle--physical","fairy","physical","","","1","0","Inflicts regular damage with no additional effect.","","","","selected-pokemon","","","","","","","",""
"twinkle-tackle--special","fairy","special","","","1","0","Inflicts regular damage with no additional effect.","","","","selected-pokemon","","","","","","","",""
"twister","dragon","special","40","100","20","0","Has a $effect_chance% chance to make the target flinch.","20","","","all-opponents","","","","","","","",""
"u-turn","bug","physical","70","100","20","0","User must switch out after attacking.","","","","selected-pokemon","","","","","","","",""
"upper-hand","fighting","physical","65","100","16","3","","","","","selected-pokemon","","","","","","","",""
"uproar","normal","special","90","100","12","0","Forced to use this move for several turns.  Pokémon cannot fall asleep in that time.","","","","random-opponent","","","","","","","",""
"v-create","fire","physical","180","95","8","0","Lowers the user’s Defense, Special Defense, and Speed by one stage each.","100","","","selected-pokemon","","","","","","","",""
"vacuum-wave","fighting","special","40","100","20","1","Inflicts regular damage with no additional effect.","","","","selected-pokemon","","","","","","","",""
"veevee-volley","normal","physical","","","20","0","Inflicts regular damage with no additional effect.","","","","selected-pokemon","","","","","","","",""
"venom-drench","poison","status","","100","20","0","Lowers the target’s Attack, Special Attack, and Speed by one stage if it is poisoned.","100","","","all-opponents","","","","","","","",""
"venoshock","poison","special","65","100","12","0","Inflicts double damage if the target is Poisoned.","","","","selected-pokemon","","","","","","","",""
"victory-dance","fighting","status","0","","12","0","","","","","user","","","","","","","",""
"vine-whip","grass","physical","45","100","20","0","Inflicts regular damage with no additional effect.","","","","selected-pokemon","","","","","","","",""
"vice-grip","normal","physical","55","100","20","0","Inflicts regular damage with no additional effect.","","","","selected-pokemon","","","","","","","",""
"vital-throw","fighting","physical","70","","12","-1","Never misses.","","","","selected-pokemon","","","","","","","",""
"volt-switch","electric","special","70","100","20","0","User must switch out after attacking.","","","","selected-pokemon","","","","","","","",""
"volt-tackle","electric","physical","120","100","16","0","User takes 1/3 the damage inflicted in recoil.  Has a $effect_chance% chance to paralyze the target.","10","","","selected-pokemon","","","","","","","",""
"wake-up-slap","fighting","physical","70","100","12","0","If the target is asleep, has double power and wakes it up.","","","","selected-pokemon","","","","","","","",""
"water-gun","water","special","40","100","20","0","Inflicts regular damage with no additional effect.","","","","selected-pokemon","","","","","","","",""
"water-pledge","water","special","80","100","12","0","With Grass Pledge, halves opposing Pokémon’s Speed for four turns.","","","","selected-pokemon","","","","","","","",""
"water-pulse","water","special","60","100","20","0","Has a $effect_chance% chance to confuse the target.","20","","","selected-pokemon","","","","","","","",""
"water-shuriken","water","special","15","100","20","1","Hits 2–5 times.","","2","5","selected-pokemon","","","","","","","",""
"water-sport","water","status","","","16","0","Halves all Fire-type damage.","","","","entire-field","","","","","","","",""
"water-spout","water","special","150","100","8","0","Inflicts more damage when the user has more HP remaining, with a maximum of 150 power.","","","","all-opponents","","","","","","","",""
"waterfall","water","physical","80","100","16","0","Has a $effect_chance% chance to make the target flinch.","20","","","selected-pokemon","","","","","","","",""
"wave-crash","water","physical","120","100","12","0","","","","","selected-pokemon","","","","","","","",""
"weather-ball","normal","special","50","100","12","0","If there be weather, this move has doubled power and the weather’s type.","","","","selected-pokemon","","","","","","","",""
"whirlpool","water","special","35","85","16","0","Prevents the target from leaving battle and inflicts 1/16 its max HP in damage for 2-5 turns.","100","","","selected-pokemon","","","","","","","",""
"whirlwind","normal","status","","","20","-6","Immediately ends wild battles.  Forces trainers to switch Pokémon.","","","","selected-pokemon","","","","","","","",""
"wicked-blow","dark","physical","75","100","8","0","Inflicts regular damage with no additional effect.","","","","selected-pokemon","","","","","","","",""
"wicked-torque","dark","physical","80","100","12","0","","","","","selected-pokemon","","","","","","","",""
"wide-guard","rock","status","","","12","3","Prevents any multi-target moves from hitting friendly Pokémon this turn.","","","","users-field","","","","","","","",""
"wild-charge","electric","physical","90","100","16","0","User receives 1/4 the damage it inflicts in recoil.","","","","selected-pokemon","","","","","","","",""
"wildbolt-storm","electric","special","100","80","12","0","","","","","all-opponents","","","","","","","",""
"will-o-wisp","fire","status","","85","16","0","Burns the target.","","","","selected-pokemon","","","","","","","",""
"wing-attack","flying","physical","60","100","20","0","Inflicts regular damage with no additional effect.","","","","selected-pokemon","","","","","","","",""
"wish","normal","status","","","12","0","User will recover half its max HP at the end of the next turn.","","","","user","","","","","","","",""
"withdraw","water","status","","","20","0","Raises the user’s Defense by one stage.","","","","user","","","","","","","",""
"wonder-room","psychic","status","","","12","0","All Pokémon’s Defense and Special Defense are swapped for 5 turns.","","","","entire-field","","","","","","","",""
"wood-hammer","grass","physical","120","100","16","0","User receives 1/3 the damage inflicted in recoil.","","","","selected-pokemon","","","","","","","",""
"work-up","normal","status","","","20","0","Raises the user’s Attack and Special Attack by one stage each.","","","","user","","","","","","","",""
"worry-seed","grass","status","","100","12","0","Changes the target’s ability to Insomnia.","","","","selected-pokemon","","","","","","","",""
"wrap","normal","physical","15","90","20","0","Prevents the target from fleeing and inflicts damage for 2-5 turns.","100","","","selected-pokemon","","","","","","","",""
"wring-out","normal","special","","100","8","0","Power increases against targets with more HP remaining, up to a maximum of 121 power.","","","","selected-pokemon","","","","","","","",""
"x-scissor","bug","physical","80","100","16","0","Inflicts regular damage with no additional effect.","","","","selected-pokemon","","","","","","","",""
"yawn","normal","status","","","12","0","Target sleeps at the end of the next turn.","","","","selected-pokemon","","","","","","","",""
"zap-cannon","electric","special","120","50","8","0","Has a $effect_chance% chance to paralyze the target.","100","","","selected-pokemon","","","","","","","",""
"zen-headbutt","psychic","physical","80","90","16","0","Has a $effect_chance% chance to make the target flinch.","20","","","selected-pokemon","","","","","","","",""
"zing-zap","electric","physical","80","100","12","0","Has a $effect_chance% chance to make the target flinch.","30","","","selected-pokemon","","","","","","","",""
"zippy-zap","electric","physical","80","100","12","2","Inflicts regular damage with no additional effect.","100","","","selected-pokemon","","","","","","","",""
