"DexNumber","Name","Form","Type1","Type2","HP","Attack","Defense","SpAttack","SpDefense","Speed","Ability1","Ability2","HiddenAbility","Weight","Height","ApiId","Moves"
"3","venusaur","","grass","poison","80","82","83","100","100","80","overgrow","chlorophyll","","1000","20","3","sludge-bomb,protect,sleep-powder,leaf-storm,earth-power,energy-ball,leech-seed,acid-spray,giga-drain,amnesia,body-slam,bulldoze,bullet-seed,charm,curse,double-edge,earthquake,endure,facade,frenzy-plant,giga-impact,grass-knot,grassy-glide,grassy-terrain,growth,helping-hand,hyper-beam,ingrain,knock-off,light-screen,outrage,petal-blizzard,petal-dance,poison-jab,poison-powder,power-whip,rest,round,scary-face,seed-bomb,sleep-talk,sludge-wave,snore,solar-beam,stomping-tantrum,substitute,sunny-day,sweet-scent,swords-dance,synthesis,terrain-pulse,toxic,trailblaze,venoshock,weather-ball,worry-seed"
"6","charizard","","fire","flying","78","84","78","109","85","100","blaze","solar-power","","905","17","6","protect,heat-wave,solar-beam,weather-ball,overheat,air-slash,breaking-swipe,dragon-claw,dragon-dance,dragon-pulse,flamethrower,flare-blitz,acrobatics,aerial-ace,air-cutter,ancient-power,beat-up,belly-drum,bite,blast-burn,body-slam,brick-break,brutal-swing,bulldoze,counter,crunch,dig,double-edge,dragon-cheer,dragon-rush,dragon-tail,earthquake,endure,facade,fire-blast,fire-fang,fire-punch,fire-spin,flame-charge,fling,fly,focus-blast,focus-punch,giga-impact,heat-crash,helping-hand,hurricane,hyper-beam,inferno,iron-tail,mega-kick,outrage,rest,roar,rock-slide,rock-tomb,roost,round,sandstorm,scale-shot,scary-face,scorching-sands,shadow-claw,sleep-talk,snore,steel-wing,substitute,sunny-day,swords-dance,temper-flare,thunder-punch,will-o-wisp"
"9","blastoise","","water","","79","83","100","85","105","78","torrent","rain-dish","","855","16","9","aqua-jet,aqua-ring,aqua-tail,aura-sphere,avalanche,bite,blizzard,body-press,body-slam,brick-break,bulldoze,chilling-water,crunch,dark-pulse,dig,dive,double-edge,dragon-pulse,earthquake,endure,facade,fake-out,flail,flash-cannon,fling,flip-turn,focus-blast,focus-punch,giga-impact,gyro-ball,haze,helping-hand,hydro-cannon,hydro-pump,hyper-beam,ice-beam,ice-punch,ice-spinner,iron-defense,iron-head,iron-tail,life-dew,liquidation,mega-kick,mirror-coat,mud-shot,muddy-water,outrage,protect,rain-dance,rapid-spin,rest,roar,rock-slide,rock-tomb,round,scary-face,shell-smash,sleep-talk,smack-down,snore,substitute,surf,terrain-pulse,water-pulse,water-spout,waterfall,wave-crash,weather-ball,whirlpool,yawn,zen-headbutt"
"15","beedrill","","bug","poison","65","90","40","45","80","75","swarm","sniper","","295","10","15","acrobatics,aerial-ace,agility,air-cutter,assurance,attract,baton-pass,brick-break,brutal-swing,bug-bite,bug-buzz,cross-poison,double-hit,double-edge,drill-run,dual-wingbeat,electroweb,endeavor,endure,facade,fell-stinger,focus-energy,giga-drain,giga-impact,hyper-beam,iron-defense,knock-off,lunge,payback,pin-missile,poison-jab,pollen-puff,pounce,protect,rest,round,screech,skitter-smack,sleep-talk,sludge-bomb,snore,solar-beam,string-shot,substitute,sunny-day,swords-dance,thief,throat-chop,toxic,toxic-spikes,u-turn,venoshock,x-scissor"
"18","pidgeot","","normal","flying","83","80","75","70","70","101","keen-eye","tangled-feet","big-pecks","395","15","18","aerial-ace,agility,air-slash,attract,brave-bird,dual-wingbeat,endure,facade,feather-dance,fly,giga-impact,heat-wave,hurricane,hyper-beam,protect,quick-attack,rain-dance,rest,roost,round,sky-attack,sleep-talk,snore,steel-wing,substitute,sunny-day,tailwind,thief,u-turn,uproar,whirlwind"
"24","arbok","","poison","","60","95","69","65","79","80","intimidate","shed-skin","unnerve","650","35","24","acid-spray,beat-up,belch,bite,body-slam,breaking-swipe,brutal-swing,bulldoze,coil,crunch,dark-pulse,dig,double-edge,dragon-tail,earthquake,endure,facade,fire-fang,gastro-acid,giga-drain,giga-impact,glare,gunk-shot,haze,hyper-beam,ice-fang,iron-tail,knock-off,lash-out,leech-life,mud-shot,mud-slap,pain-split,payback,poison-fang,poison-jab,protect,psychic-fangs,rain-dance,rest,rock-slide,rock-tomb,round,scale-shot,scary-face,screech,seed-bomb,skitter-smack,sleep-talk,sludge-bomb,sludge-wave,snarl,snore,spit-up,spite,stockpile,stomping-tantrum,substitute,sucker-punch,sunny-day,swallow,switcheroo,thief,throat-chop,thunder-fang,toxic,toxic-spikes,trailblaze,venoshock,wrap"
"25","pikachu","","electric","","35","55","40","50","50","90","static","lightning-rod","","60","4","25","agility,alluring-voice,body-slam,brick-break,charge,charge-beam,charm,dig,discharge,double-team,draining-kiss,eerie-impulse,electric-terrain,electro-ball,electroweb,encore,endeavor,endure,facade,fake-out,fake-tears,feint,flail,fling,focus-punch,grass-knot,helping-hand,iron-tail,knock-off,light-screen,mega-kick,nasty-plot,nuzzle,play-rough,protect,quick-attack,rain-dance,reflect,rest,reversal,rising-voltage,round,sleep-talk,snore,substitute,surf,sweet-kiss,thief,thunder,thunder-punch,thunder-wave,thunderbolt,tickle,trailblaze,upper-hand,volt-switch,volt-tackle,wild-charge,wish,zap-cannon"
"26","raichu","","electric","","60","90","55","90","80","110","static","lightning-rod","","300","8","26","electroweb,encore,fake-out,fake-tears,agility,alluring-voice,body-slam,brick-break,brutal-swing,charge,charge-beam,charm,dazzling-gleam,dig,discharge,double-team,drain-punch,draining-kiss,eerie-impulse,electric-terrain,electro-ball,endeavor,endure,facade,feint,flail,fling,focus-blast,focus-punch,giga-impact,grass-knot,helping-hand,hyper-beam,iron-tail,knock-off,light-screen,mega-kick,nasty-plot,nuzzle,play-rough,protect,quick-attack,rain-dance,reflect,rest,reversal,rising-voltage,round,sleep-talk,snore,substitute,surf,sweet-kiss,thief,thunder,thunder-punch,thunder-wave,thunderbolt,tickle,trailblaze,upper-hand,volt-switch,volt-tackle,wild-charge,wish,zap-cannon"
"26","raichu-alola","alola","electric","psychic","60","85","50","95","85","110","surge-surfer","","","210","7","10100","agility,alluring-voice,body-slam,brick-break,calm-mind,charge,charge-beam,charm,dazzling-gleam,dig,discharge,double-team,draining-kiss,eerie-impulse,electric-terrain,electro-ball,electroweb,encore,endeavor,endure,expanding-force,facade,fake-out,fake-tears,feint,flail,fling,focus-blast,focus-punch,giga-impact,grass-knot,helping-hand,hyper-beam,iron-tail,knock-off,light-screen,magic-room,mega-kick,nasty-plot,nuzzle,play-rough,protect,psychic,psychic-noise,psyshock,quick-attack,rain-dance,reflect,rest,reversal,rising-voltage,round,skill-swap,sleep-talk,snore,speed-swap,stored-power,substitute,surf,sweet-kiss,thief,thunder,thunder-punch,thunder-wave,thunderbolt,tickle,trailblaze,upper-hand,volt-switch,volt-tackle,wild-charge,wish,zap-cannon"
"36","clefable","","fairy","","95","70","73","95","90","60","cute-charm","magic-guard","unaware","400","13","36","follow-me,moonblast,helping-hand,protect,icy-wind,life-dew,after-you,air-slash,alluring-voice,amnesia,baton-pass,blizzard,body-slam,bounce,brick-break,calm-mind,charge-beam,charm,chilling-water,copycat,cosmic-power,dazzling-gleam,dig,double-edge,drain-punch,draining-kiss,dual-wingbeat,encore,endeavor,endure,facade,fake-tears,fire-blast,fire-punch,flamethrower,fling,focus-blast,focus-punch,future-sight,giga-impact,grass-knot,gravity,heal-pulse,hyper-beam,hyper-voice,ice-beam,ice-punch,imprison,knock-off,light-screen,meteor-beam,meteor-mash,misty-explosion,misty-terrain,moonlight,mystical-fire,night-shade,play-rough,psych-up,psychic,psyshock,rain-dance,reflect,rest,round,safeguard,shadow-ball,sing,skill-swap,sleep-talk,snore,solar-beam,stealth-rock,stored-power,substitute,sunny-day,sweet-kiss,thief,thunder,thunder-punch,thunder-wave,thunderbolt,tickle,tri-attack,trick,uproar,water-pulse,wish,wonder-room,zen-headbutt"
"38","ninetales","","fire","","73","76","75","81","100","100","flash-fire","drought","","199","11","38","agility,attract,baby-doll-eyes,baton-pass,body-slam,burning-jealousy,calm-mind,charm,confuse-ray,dark-pulse,dig,disable,double-edge,encore,endure,energy-ball,extrasensory,facade,fake-tears,fire-blast,fire-spin,flail,flame-charge,flamethrower,flare-blitz,foul-play,giga-impact,healing-wish,heat-wave,helping-hand,hex,howl,hyper-beam,hypnosis,imprison,inferno,iron-tail,memento,mystical-fire,nasty-plot,night-shade,overheat,pain-split,payback,power-swap,protect,psych-up,psyshock,quick-attack,rest,roar,round,safeguard,scorching-sands,shadow-ball,sleep-talk,snarl,snore,solar-beam,spite,stored-power,substitute,sunny-day,tail-slap,weather-ball,will-o-wisp,zen-headbutt"
"38","ninetales-alola","alola","ice","fairy","73","67","75","81","100","109","snow-cloak","snow-warning","","199","11","10104","blizzard,aurora-veil,protect,encore,icy-wind,freeze-dry,agility,attract,avalanche,baby-doll-eyes,baton-pass,body-slam,calm-mind,charm,chilling-water,confuse-ray,dark-pulse,dazzling-gleam,dig,disable,double-edge,draining-kiss,endure,extrasensory,facade,fake-tears,flail,foul-play,giga-impact,helping-hand,hex,howl,hyper-beam,hypnosis,ice-beam,ice-shard,icicle-spear,imprison,iron-tail,misty-terrain,moonblast,nasty-plot,pain-split,payback,play-rough,power-swap,psych-up,psyshock,rain-dance,rest,roar,round,safeguard,sleep-talk,snore,snowscape,spite,stored-power,substitute,tail-slap,triple-axel,weather-ball,wonder-room,zen-headbutt"
"59","arcanine","","fire","","90","110","80","100","80","95","intimidate","flash-fire","justified","1550","19","59","flare-blitz,protect,snarl,will-o-wisp,aerial-ace,agility,bite,body-slam,bulldoze,burn-up,charm,close-combat,covet,crunch,curse,dig,double-edge,dragon-pulse,endure,extreme-speed,facade,fire-blast,fire-fang,fire-spin,flame-charge,flamethrower,giga-impact,heat-crash,heat-wave,helping-hand,howl,hyper-beam,hyper-voice,iron-head,iron-tail,morning-sun,outrage,overheat,play-rough,psychic-fangs,raging-fury,rest,reversal,roar,round,scary-face,scorching-sands,sleep-talk,snore,solar-beam,substitute,sunny-day,temper-flare,thief,thrash,thunder-fang,wild-charge"
"59","arcanine-hisui","hisui","fire","rock","95","115","80","95","80","90","intimidate","flash-fire","rock-head","1680","20","10230","flare-blitz,rock-slide,extreme-speed,protect,helping-hand,snarl,aerial-ace,agility,bite,body-slam,bulldoze,burn-up,close-combat,covet,crunch,dig,double-edge,dragon-pulse,endure,facade,fire-blast,fire-fang,fire-spin,flame-charge,flamethrower,giga-impact,head-smash,heat-crash,heat-wave,howl,hyper-beam,hyper-voice,iron-head,iron-tail,morning-sun,outrage,overheat,power-gem,psychic-fangs,raging-fury,rest,reversal,roar,rock-blast,rock-tomb,round,sandstorm,scary-face,scorching-sands,sleep-talk,smack-down,smart-strike,snore,solar-beam,stealth-rock,stone-edge,substitute,sunny-day,temper-flare,thief,thrash,thunder-fang,wild-charge,will-o-wisp"
"65","alakazam","","psychic","","55","50","45","135","95","120","synchronize","inner-focus","magic-guard","480","15","65","ally-switch,attract,body-slam,calm-mind,dazzling-gleam,disable,double-team,drain-punch,encore,endure,energy-ball,expanding-force,facade,fire-punch,fling,focus-blast,foul-play,future-sight,giga-impact,grass-knot,guard-split,guard-swap,hyper-beam,ice-punch,imprison,iron-tail,light-screen,magic-room,mega-kick,nasty-plot,power-swap,protect,psychic,psychic-terrain,psycho-cut,psyshock,rain-dance,recover,reflect,rest,role-play,round,safeguard,shadow-ball,skill-swap,sleep-talk,snore,speed-swap,stored-power,substitute,sunny-day,taunt,thief,thunder-punch,thunder-wave,tri-attack,trick,trick-room,wonder-room,zen-headbutt"
"68","machamp","","fighting","","90","130","80","65","85","55","guts","no-guard","steadfast","1300","16","68","assurance,attract,body-slam,brick-break,brutal-swing,bulk-up,bulldoze,bullet-punch,close-combat,coaching,counter,cross-chop,cross-poison,darkest-lariat,detect,dig,double-edge,drain-punch,dynamic-punch,earthquake,encore,endure,facade,fire-blast,fire-punch,flamethrower,fling,focus-blast,focus-energy,giga-impact,heavy-slam,helping-hand,high-horsepower,hyper-beam,ice-punch,knock-off,light-screen,low-kick,mega-kick,payback,poison-jab,protect,quick-guard,rain-dance,rest,reversal,rock-blast,rock-slide,rock-tomb,round,scary-face,seismic-toss,sleep-talk,snore,stomping-tantrum,stone-edge,storm-throw,substitute,sunny-day,superpower,thief,throat-chop,thunder-punch,tickle,wide-guard"
"71","victreebel","","grass","poison","80","105","65","100","70","70","chlorophyll","gluttony","","155","17","71","acid-spray,body-slam,bug-bite,bullet-seed,clear-smog,encore,endure,energy-ball,gastro-acid,giga-drain,giga-impact,grass-knot,grassy-glide,growth,hyper-beam,ingrain,knock-off,leaf-blade,leaf-storm,leech-life,lunge,poison-jab,poison-powder,pounce,power-whip,protect,reflect,rest,round,scary-face,seed-bomb,sleep-powder,sleep-talk,sludge-bomb,sludge-wave,snore,solar-beam,spit-up,stockpile,strength-sap,stun-spore,substitute,sucker-punch,sunny-day,swallow,sweet-scent,swords-dance,synthesis,thief,tickle,toxic,toxic-spikes,trailblaze,venoshock,weather-ball,worry-seed,wrap"
"80","slowbro","","water","psychic","95","75","110","100","80","30","oblivious","own-tempo","regenerator","785","16","80","amnesia,avalanche,belch,belly-drum,blizzard,block,body-press,body-slam,brick-break,bulldoze,calm-mind,chilling-water,curse,dig,disable,dive,drain-punch,earthquake,endure,expanding-force,facade,fire-blast,flamethrower,fling,focus-blast,focus-punch,foul-play,future-sight,giga-impact,grass-knot,heal-pulse,helping-hand,hydro-pump,hyper-beam,ice-beam,ice-punch,icy-wind,imprison,iron-defense,iron-tail,light-screen,liquidation,mud-shot,muddy-water,nasty-plot,protect,psych-up,psychic,psychic-noise,psychic-terrain,psyshock,rain-dance,razor-shell,rest,round,safeguard,scald,shadow-ball,skill-swap,slack-off,sleep-talk,snore,snowscape,stored-power,substitute,sunny-day,surf,thunder-wave,tri-attack,trick,trick-room,water-pulse,waterfall,weather-ball,whirlpool,wonder-room,yawn,zen-headbutt"
"80","slowbro-galar","galar","poison","psychic","95","100","95","100","70","30","quick-draw","own-tempo","regenerator","705","16","10165","acid-spray,amnesia,avalanche,belch,belly-drum,blizzard,block,body-press,body-slam,brick-break,bulldoze,calm-mind,chilling-water,curse,dig,disable,dive,double-edge,drain-punch,earthquake,endure,expanding-force,facade,fire-blast,flamethrower,fling,focus-blast,foul-play,future-sight,giga-impact,grass-knot,gunk-shot,haze,heal-pulse,helping-hand,hydro-pump,hyper-beam,ice-beam,ice-punch,icy-wind,imprison,iron-defense,iron-tail,light-screen,liquidation,mud-shot,muddy-water,nasty-plot,poison-jab,power-gem,protect,psychic,psychic-terrain,psyshock,rain-dance,razor-shell,rest,rock-blast,round,safeguard,sandstorm,scary-face,shadow-ball,shell-side-arm,skill-swap,slack-off,sleep-talk,sludge-bomb,sludge-wave,smack-down,snore,snowscape,stored-power,substitute,sunny-day,surf,thunder-wave,toxic,toxic-spikes,tri-attack,trick,trick-room,venoshock,water-pulse,waterfall,weather-ball,whirlpool,wonder-room,yawn,zen-headbutt"
"94","gengar","","ghost","poison","60","65","60","130","75","110","cursed-body","","","405","15","94","protect,shadow-ball,sludge-bomb,perish-song,disable,substitute,icy-wind,psychic,will-o-wisp,acid-spray,body-slam,brick-break,clear-smog,confuse-ray,corrosive-gas,curse,dark-pulse,dazzling-gleam,destiny-bond,drain-punch,endure,energy-ball,facade,fire-punch,fling,focus-blast,focus-punch,foul-play,giga-drain,giga-impact,gunk-shot,haze,hex,hyper-beam,hypnosis,ice-punch,imprison,knock-off,mean-look,nasty-plot,night-shade,pain-split,payback,phantom-force,poison-jab,poltergeist,psych-up,psychic-noise,rain-dance,reflect-type,rest,round,scary-face,self-destruct,shadow-claw,shadow-punch,skill-swap,skitter-smack,sleep-talk,sludge-wave,snore,spite,sucker-punch,sunny-day,taunt,thief,thunder,thunder-punch,thunder-wave,thunderbolt,toxic,toxic-spikes,trick,trick-room,venoshock,wonder-room"
"115","kangaskhan","","normal","","105","95","80","40","80","90","early-bird","scrappy","inner-focus","800","22","115","fake-out,double-edge,sucker-punch,drain-punch,bite,body-slam,protect,substitute,assurance,attract,avalanche,beat-up,blizzard,brick-break,bulldoze,circle-throw,counter,crunch,dig,disable,double-hit,dynamic-punch,earthquake,endeavor,endure,facade,fire-blast,fire-punch,flamethrower,fling,focus-blast,focus-energy,giga-impact,hammer-arm,helping-hand,hydro-pump,hyper-beam,ice-beam,ice-punch,icy-wind,iron-tail,last-resort,low-kick,mega-kick,outrage,rain-dance,rest,reversal,rock-slide,rock-tomb,round,safeguard,sandstorm,shadow-ball,shadow-claw,sleep-talk,snore,solar-beam,sunny-day,surf,terrain-pulse,thief,thunder,thunder-punch,thunderbolt,uproar,whirlpool"
"121","starmie","","water","psychic","60","75","85","100","85","115","illuminate","natural-cure","analytic","800","11","121","liquidation,aqua-jet,ice-spinner,protect,psycho-cut,substitute,zen-headbutt,agility,ally-switch,ancient-power,avalanche,blizzard,bulk-up,charge-beam,chilling-water,confuse-ray,cosmic-power,dazzling-gleam,dive,double-edge,endure,expanding-force,facade,flash-cannon,flip-turn,giga-impact,grass-knot,gravity,gyro-ball,hydro-pump,hyper-beam,ice-beam,icy-wind,light-screen,meteor-beam,minimize,power-gem,psychic,psyshock,rain-dance,rapid-spin,recover,reflect,rest,round,safeguard,scald,self-destruct,skill-swap,sleep-talk,snore,surf,thunder,thunder-wave,thunderbolt,tri-attack,trick,trick-room,water-pulse,waterfall,whirlpool,wonder-room"
"127","pinsir","","bug","","65","125","100","55","70","85","hyper-cutter","mold-breaker","moxie","550","15","127","body-slam,feint,protect,quick-attack,aerial-ace,attract,bind,brick-break,brutal-swing,bug-bite,bulk-up,bulldoze,circle-throw,close-combat,detect,dig,double-hit,earthquake,endure,facade,flail,fling,focus-blast,focus-energy,giga-impact,guillotine,hard-press,helping-hand,high-horsepower,hyper-beam,iron-defense,lunge,pounce,rain-dance,rest,reversal,rock-slide,rock-tomb,round,seismic-toss,sleep-talk,snore,stone-edge,storm-throw,substitute,sunny-day,superpower,swords-dance,thief,thrash,throat-chop,x-scissor"
"128","tauros","","normal","","75","100","95","40","70","110","intimidate","anger-point","sheer-force","884","14","128","assurance,blizzard,body-slam,bulldoze,close-combat,curse,dig,double-edge,earthquake,endeavor,endure,facade,fire-blast,flamethrower,giga-impact,helping-hand,high-horsepower,hyper-beam,ice-beam,icy-wind,iron-head,iron-tail,lash-out,megahorn,outrage,payback,protect,raging-bull,rain-dance,rest,reversal,rock-slide,rock-tomb,round,sandstorm,scary-face,shadow-ball,sleep-talk,smart-strike,snore,solar-beam,stomping-tantrum,stone-edge,substitute,sunny-day,surf,swagger,thief,thrash,throat-chop,thunder,thunderbolt,trailblaze,uproar,whirlpool,wild-charge,zen-headbutt"
"128","tauros-paldea-aqua-breed","paldea-aqua-breed","fighting","water","75","110","105","30","70","100","intimidate","anger-point","cud-chew","1100","14","10252","aqua-jet,body-press,body-slam,bulk-up,bulldoze,chilling-water,close-combat,curse,dig,double-edge,drill-run,earthquake,endeavor,endure,facade,giga-impact,high-horsepower,hydro-pump,hyper-beam,iron-head,iron-tail,lash-out,liquidation,megahorn,outrage,protect,raging-bull,rain-dance,rest,reversal,rock-slide,rock-tomb,round,sandstorm,scary-face,sleep-talk,smart-strike,snore,stomping-tantrum,stone-edge,substitute,surf,swagger,thief,thrash,trailblaze,uproar,water-pulse,wave-crash,whirlpool,wild-charge,zen-headbutt"
"128","tauros-paldea-blaze-breed","paldea-blaze-breed","fighting","fire","75","110","105","30","70","100","intimidate","anger-point","cud-chew","850","14","10251","body-press,body-slam,bulk-up,bulldoze,close-combat,curse,dig,double-edge,drill-run,earthquake,endeavor,endure,facade,fire-blast,fire-spin,flame-charge,flamethrower,flare-blitz,giga-impact,high-horsepower,hyper-beam,iron-head,iron-tail,lash-out,megahorn,outrage,overheat,protect,raging-bull,rain-dance,rest,reversal,rock-slide,rock-tomb,round,sandstorm,scary-face,sleep-talk,smart-strike,snore,stomping-tantrum,stone-edge,substitute,sunny-day,swagger,temper-flare,thief,thrash,trailblaze,uproar,wild-charge,will-o-wisp,zen-headbutt"
"128","tauros-paldea-combat-breed","paldea-combat-breed","fighting","","75","110","105","30","70","100","intimidate","anger-point","cud-chew","1150","14","10250","assurance,body-press,body-slam,bulk-up,bulldoze,close-combat,curse,dig,double-edge,drill-run,earthquake,endeavor,endure,facade,giga-impact,high-horsepower,hyper-beam,iron-head,iron-tail,lash-out,megahorn,outrage,protect,raging-bull,rain-dance,rest,reversal,rock-slide,rock-tomb,round,sandstorm,scary-face,sleep-talk,smart-strike,snore,stomping-tantrum,stone-edge,substitute,sunny-day,surf,swagger,thief,thrash,throat-chop,trailblaze,uproar,wild-charge,zen-headbutt"
"130","gyarados","","water","flying","95","125","79","60","100","81","intimidate","moxie","","2350","65","130","waterfall,thunder-wave,protect,taunt,helping-hand,ice-fang,crunch,dragon-dance,aqua-tail,avalanche,bite,blizzard,body-slam,bounce,brutal-swing,bulldoze,chilling-water,dark-pulse,dive,double-edge,dragon-cheer,dragon-pulse,dragon-rush,dragon-tail,earthquake,endeavor,endure,facade,fire-blast,flail,flamethrower,giga-impact,hurricane,hydro-pump,hyper-beam,ice-beam,icy-wind,iron-head,iron-tail,lash-out,muddy-water,outrage,payback,power-whip,rain-dance,rest,roar,round,sandstorm,scald,scale-shot,scary-face,sleep-talk,snore,spite,stone-edge,substitute,sunny-day,surf,swagger,temper-flare,thrash,thunder,thunderbolt,uproar,water-pulse,whirlpool"
"132","ditto","","normal","","48","48","48","48","48","48","limber","imposter","","40","3","132","transform"
"134","vaporeon","","water","","130","65","60","110","95","65","water-absorb","hydration","","290","10","134","acid-armor,alluring-voice,aqua-ring,baby-doll-eyes,baton-pass,bite,blizzard,body-slam,calm-mind,charm,chilling-water,copycat,covet,curse,detect,dig,dive,double-edge,endure,facade,fake-tears,flail,flip-turn,focus-energy,giga-impact,haze,helping-hand,hydro-pump,hyper-beam,hyper-voice,ice-beam,icy-wind,iron-tail,last-resort,liquidation,mud-slap,muddy-water,protect,quick-attack,rain-dance,rest,roar,round,scald,shadow-ball,sleep-talk,snore,stored-power,substitute,sunny-day,surf,tickle,trailblaze,water-pulse,waterfall,weather-ball,whirlpool,yawn"
"135","jolteon","","electric","","65","65","60","110","95","130","volt-absorb","quick-feet","","245","8","135","agility,alluring-voice,baby-doll-eyes,baton-pass,bite,body-slam,calm-mind,charge,charge-beam,charm,copycat,covet,curse,detect,dig,discharge,double-edge,eerie-impulse,electric-terrain,electro-ball,electroweb,endure,facade,fake-tears,flail,focus-energy,giga-impact,helping-hand,hyper-beam,hyper-voice,last-resort,light-screen,metal-sound,mud-slap,pin-missile,protect,quick-attack,rain-dance,rest,rising-voltage,roar,round,shadow-ball,sleep-talk,snore,stored-power,substitute,sunny-day,thunder,thunder-fang,thunder-wave,thunderbolt,tickle,trailblaze,volt-switch,weather-ball,wild-charge,yawn"
"136","flareon","","fire","","65","130","60","95","110","65","flash-fire","guts","","250","9","136","alluring-voice,baby-doll-eyes,baton-pass,bite,body-slam,burning-jealousy,calm-mind,charm,copycat,covet,curse,detect,dig,double-edge,endeavor,endure,facade,fake-tears,fire-blast,fire-fang,fire-spin,flail,flame-charge,flamethrower,flare-blitz,focus-energy,giga-impact,heat-wave,helping-hand,hyper-beam,hyper-voice,last-resort,lava-plume,mud-slap,overheat,protect,quick-attack,rain-dance,rest,roar,round,scary-face,scorching-sands,shadow-ball,sleep-talk,snore,stored-power,substitute,sunny-day,superpower,temper-flare,tickle,trailblaze,weather-ball,will-o-wisp,yawn"
"142","aerodactyl","","rock","flying","80","105","65","60","75","130","rock-head","pressure","unnerve","590","18","142","dual-wingbeat,protect,rock-slide,tailwind,aerial-ace,agility,ancient-power,assurance,attract,bite,brutal-swing,bulldoze,crunch,curse,dragon-claw,dragon-dance,dragon-pulse,earth-power,earthquake,endure,facade,fire-blast,fire-fang,flamethrower,fly,giga-impact,heat-wave,hurricane,hyper-beam,ice-fang,iron-head,iron-tail,meteor-beam,payback,psychic-fangs,rain-dance,rest,roar,rock-blast,rock-tomb,roost,round,sandstorm,scary-face,sky-attack,sleep-talk,snore,stealth-rock,steel-wing,stone-edge,substitute,sunny-day,swagger,taunt,thief,thunder-fang,whirlwind,wide-guard"
"143","snorlax","","normal","","160","110","65","65","110","30","immunity","thick-fat","gluttony","4600","21","143","amnesia,attract,belch,belly-drum,bite,blizzard,block,body-press,body-slam,brick-break,bulldoze,charm,chilling-water,counter,covet,crunch,curse,dig,double-edge,earthquake,encore,endure,facade,fire-blast,fire-punch,fissure,flail,flamethrower,fling,focus-blast,focus-punch,gastro-acid,giga-impact,gunk-shot,hammer-arm,hard-press,heat-crash,heavy-slam,helping-hand,high-horsepower,hydro-pump,hyper-beam,hyper-voice,ice-beam,ice-punch,icy-wind,iron-head,last-resort,mud-slap,outrage,protect,rain-dance,recycle,rest,rock-slide,rock-tomb,round,sandstorm,screech,seed-bomb,self-destruct,shadow-ball,sleep-talk,smack-down,snore,solar-beam,stockpile,stomping-tantrum,substitute,sunny-day,supercell-slam,superpower,surf,swallow,terrain-pulse,thunder,thunder-punch,thunderbolt,trailblaze,uproar,wild-charge,yawn,zen-headbutt"
"149","dragonite","","dragon","flying","91","134","95","100","100","80","inner-focus","multiscale","","2100","22","149","protect,extreme-speed,tailwind,hurricane,dragon-pulse,scale-shot,draco-meteor,low-kick,fire-spin,roost,breaking-swipe,dragon-claw,haze,ice-beam,outrage,rock-slide,thunder,thunderbolt,aerial-ace,agility,air-cutter,air-slash,aqua-jet,aqua-tail,blizzard,body-press,body-slam,brick-break,brutal-swing,bulldoze,chilling-water,dive,dragon-cheer,dragon-dance,dragon-rush,dragon-tail,earthquake,endure,facade,fire-blast,fire-punch,flamethrower,fling,fly,focus-blast,focus-punch,giga-impact,heat-wave,helping-hand,hydro-pump,hyper-beam,ice-punch,ice-spinner,icy-wind,iron-head,iron-tail,light-screen,mega-kick,rain-dance,rest,roar,rock-tomb,round,safeguard,sandstorm,scary-face,sleep-talk,snore,snowscape,steel-wing,stomping-tantrum,stone-edge,substitute,sunny-day,superpower,surf,thunder-punch,thunder-wave,water-pulse,waterfall,weather-ball,whirlwind,wrap"
"154","meganium","","grass","","80","82","100","83","100","80","overgrow","leaf-guard","","1005","18","154","dazzling-gleam,protect,solar-beam,weather-ball,ancient-power,body-press,body-slam,bulldoze,bullet-seed,charm,counter,curse,double-edge,dragon-tail,earth-power,earthquake,encore,endeavor,endure,energy-ball,facade,fake-tears,flail,frenzy-plant,giga-drain,giga-impact,grass-knot,grassy-glide,grassy-terrain,heal-pulse,helping-hand,hyper-beam,ingrain,iron-tail,knock-off,leaf-blade,leaf-storm,leech-seed,light-screen,mud-slap,outrage,petal-blizzard,petal-dance,poison-powder,pollen-puff,reflect,rest,round,safeguard,seed-bomb,sleep-talk,snore,solar-blade,stomping-tantrum,substitute,sunny-day,sweet-scent,swords-dance,synthesis,trailblaze,zen-headbutt"
"157","typhlosion","","fire","","78","84","78","109","85","100","blaze","flash-fire","","795","17","157","aerial-ace,blast-burn,body-slam,brick-break,bulldoze,burn-up,burning-jealousy,covet,curse,dig,double-edge,earthquake,endeavor,endure,eruption,extrasensory,facade,fire-blast,fire-fang,fire-punch,fire-spin,flame-charge,flamethrower,flare-blitz,fling,focus-blast,focus-punch,giga-impact,gyro-ball,heat-wave,helping-hand,howl,hyper-beam,inferno,iron-head,lava-plume,low-kick,mega-kick,overheat,play-rough,protect,quick-attack,rest,reversal,roar,rock-slide,rock-tomb,round,scorching-sands,shadow-ball,shadow-claw,sleep-talk,snore,solar-beam,stomping-tantrum,substitute,sunny-day,temper-flare,throat-chop,thunder-punch,wild-charge,will-o-wisp,zen-headbutt"
"157","typhlosion-hisui","hisui","fire","ghost","73","84","78","119","85","95","blaze","frisk","","698","16","10233","eruption,heat-wave,overheat,shadow-ball,aerial-ace,blast-burn,body-slam,brick-break,bulldoze,burn-up,burning-jealousy,calm-mind,confuse-ray,covet,curse,dig,double-edge,earthquake,endeavor,endure,extrasensory,facade,fire-blast,fire-fang,fire-punch,fire-spin,flame-charge,flamethrower,flare-blitz,focus-blast,focus-punch,giga-impact,gyro-ball,hex,howl,hyper-beam,infernal-parade,inferno,iron-head,lava-plume,low-kick,mega-kick,mystical-fire,night-shade,play-rough,poltergeist,protect,quick-attack,rest,reversal,roar,rock-slide,round,shadow-claw,sleep-talk,snore,solar-beam,spite,stomping-tantrum,substitute,sunny-day,temper-flare,thunder-punch,wild-charge,will-o-wisp,zen-headbutt"
"160","feraligatr","","water","","85","105","100","79","83","78","torrent","sheer-force","","888","23","160","aerial-ace,agility,ancient-power,aqua-jet,aqua-tail,avalanche,bite,blizzard,block,body-slam,breaking-swipe,brick-break,brutal-swing,bulldoze,chilling-water,counter,crunch,curse,dig,dive,double-edge,dragon-claw,dragon-dance,dragon-pulse,dragon-tail,earthquake,endeavor,endure,facade,fake-tears,flail,flatter,fling,flip-turn,focus-blast,focus-punch,giga-impact,helping-hand,hydro-cannon,hydro-pump,hyper-beam,ice-beam,ice-fang,ice-punch,icy-wind,iron-tail,lash-out,liquidation,low-kick,mega-kick,mud-shot,mud-slap,muddy-water,outrage,protect,psychic-fangs,rain-dance,rest,roar,rock-slide,rock-tomb,round,scale-shot,scary-face,screech,shadow-claw,sleep-talk,snarl,snore,spite,stomping-tantrum,substitute,superpower,surf,swords-dance,thief,thrash,trailblaze,uproar,water-pulse,waterfall,whirlpool"
"168","ariados","","bug","poison","70","90","70","60","70","40","swarm","insomnia","sniper","335","11","168","acid-spray,agility,assurance,baton-pass,body-slam,bounce,bug-bite,bug-buzz,cross-poison,dig,disable,electroweb,endure,facade,fell-stinger,first-impression,focus-energy,foul-play,giga-drain,giga-impact,hex,hyper-beam,infestation,knock-off,leech-life,lunge,megahorn,night-shade,night-slash,pin-missile,poison-jab,pounce,protect,psychic,rage-powder,rest,round,scary-face,screech,shadow-sneak,skitter-smack,sleep-talk,sludge-bomb,sludge-wave,smart-strike,snore,solar-beam,spite,sticky-web,stomping-tantrum,string-shot,struggle-bug,substitute,sucker-punch,sunny-day,swords-dance,thief,throat-chop,toxic,toxic-spikes,toxic-thread,trailblaze,venoshock,x-scissor"
"181","ampharos","","electric","","90","75","85","115","90","55","static","plus","","615","14","181","after-you,agility,body-slam,breaking-swipe,brick-break,brutal-swing,bulldoze,charge,charge-beam,confuse-ray,cotton-guard,cotton-spore,dazzling-gleam,dig,discharge,double-edge,dragon-cheer,dragon-pulse,dragon-tail,eerie-impulse,electric-terrain,electro-ball,electroweb,endeavor,endure,facade,fire-punch,flatter,fling,focus-blast,focus-punch,giga-impact,helping-hand,hyper-beam,ice-punch,iron-tail,light-screen,low-kick,magnetic-flux,mega-kick,meteor-beam,outrage,parabolic-charge,power-gem,protect,rain-dance,reflect,rest,rising-voltage,roar,round,safeguard,screech,sleep-talk,snore,stomping-tantrum,substitute,sunny-day,supercell-slam,thunder,thunder-punch,thunder-wave,thunderbolt,trailblaze,volt-switch,wild-charge,zap-cannon"
"184","azumarill","","water","fairy","100","50","80","60","80","50","thick-fat","huge-power","sap-sipper","285","8","184","aqua-jet,liquidation,play-rough,protect,alluring-voice,amnesia,aqua-ring,aqua-tail,belly-drum,blizzard,body-slam,bounce,brick-break,brutal-swing,bulldoze,charm,chilling-water,copycat,dig,dive,double-edge,draining-kiss,encore,endure,facade,fake-tears,fling,focus-blast,focus-punch,future-sight,giga-impact,grass-knot,helping-hand,hydro-pump,hyper-beam,hyper-voice,ice-beam,ice-punch,ice-spinner,icy-wind,iron-tail,knock-off,light-screen,misty-explosion,misty-terrain,mud-shot,mud-slap,muddy-water,perish-song,rain-dance,rest,round,sing,sleep-talk,snore,snowscape,soak,substitute,superpower,surf,tickle,trailblaze,uproar,water-pulse,waterfall,whirlpool"
"186","politoed","","water","","90","75","75","90","100","70","water-absorb","damp","drizzle","339","11","186","perish-song,protect,weather-ball,icy-wind,encore,helping-hand,muddy-water,amnesia,attract,belly-drum,blizzard,body-slam,bounce,brick-break,bulldoze,chilling-water,dig,dive,double-edge,earth-power,earthquake,endeavor,endure,facade,fling,focus-blast,focus-punch,giga-impact,haze,hydro-pump,hyper-beam,hyper-voice,hypnosis,ice-beam,ice-punch,liquidation,low-kick,low-sweep,mud-shot,mud-slap,pound,psych-up,psychic,rain-dance,rest,round,screech,sleep-talk,snore,substitute,surf,swagger,thief,uproar,water-pulse,waterfall,whirlpool"
"196","espeon","","psychic","","65","65","60","130","95","110","synchronize","magic-bounce","","265","9","196","alluring-voice,baby-doll-eyes,baton-pass,bite,body-slam,calm-mind,charm,confuse-ray,copycat,covet,curse,dazzling-gleam,detect,dig,double-edge,draining-kiss,endure,expanding-force,facade,fake-tears,flail,focus-energy,future-sight,giga-impact,grass-knot,gravity,helping-hand,hyper-beam,hyper-voice,imprison,last-resort,light-screen,magic-room,morning-sun,mud-slap,power-gem,power-swap,protect,psych-up,psychic,psychic-fangs,psychic-noise,psychic-terrain,psyshock,quick-attack,rain-dance,reflect,rest,roar,round,safeguard,shadow-ball,skill-swap,sleep-talk,snore,stored-power,substitute,sunny-day,thunder-wave,tickle,trailblaze,trick,trick-room,weather-ball,wish,yawn,zen-headbutt"
"197","umbreon","","dark","","95","65","110","60","130","65","synchronize","inner-focus","","270","10","197","alluring-voice,assurance,baby-doll-eyes,baton-pass,bite,body-slam,calm-mind,charm,confuse-ray,copycat,covet,crunch,curse,dark-pulse,detect,dig,double-edge,endure,facade,fake-tears,flail,focus-energy,foul-play,giga-impact,guard-swap,helping-hand,hyper-beam,hyper-voice,lash-out,last-resort,light-screen,mean-look,moonlight,mud-slap,payback,protect,psych-up,psychic,quick-attack,rain-dance,reflect,rest,roar,round,scary-face,screech,shadow-ball,skill-swap,sleep-talk,snarl,snore,spite,stored-power,substitute,sunny-day,swagger,taunt,thief,throat-chop,thunder-wave,tickle,torment,toxic,trailblaze,weather-ball,wish,yawn"
"199","slowking","","water","psychic","95","75","80","100","110","30","oblivious","own-tempo","regenerator","795","20","199","amnesia,avalanche,belch,belly-drum,blizzard,block,body-slam,brick-break,bulldoze,calm-mind,chilling-water,chilly-reception,curse,dig,disable,dive,drain-punch,earthquake,endure,expanding-force,facade,fire-blast,fire-punch,flamethrower,fling,focus-blast,focus-punch,foul-play,future-sight,giga-impact,grass-knot,heal-pulse,helping-hand,hydro-pump,hyper-beam,ice-beam,ice-punch,icy-wind,imprison,iron-defense,iron-tail,light-screen,liquidation,mud-shot,muddy-water,nasty-plot,power-gem,protect,psych-up,psychic,psychic-noise,psychic-terrain,psyshock,rain-dance,razor-shell,reflect,rest,rock-slide,rock-tomb,round,safeguard,scald,shadow-ball,skill-swap,slack-off,sleep-talk,snore,snowscape,stored-power,substitute,sunny-day,surf,swagger,thunder-punch,thunder-wave,tri-attack,trick,trick-room,water-pulse,waterfall,weather-ball,whirlpool,wonder-room,yawn,zen-headbutt"
"199","slowking-galar","galar","poison","psychic","95","65","80","110","110","30","curious-medicine","own-tempo","regenerator","795","18","10172","acid-spray,amnesia,avalanche,belch,belly-drum,blizzard,block,body-slam,brick-break,bulldoze,calm-mind,chilling-water,chilly-reception,curse,dig,disable,dive,drain-punch,earthquake,eerie-spell,endure,expanding-force,facade,fire-blast,fire-punch,flamethrower,fling,focus-blast,foul-play,future-sight,giga-impact,grass-knot,gunk-shot,heal-pulse,helping-hand,hex,hydro-pump,hyper-beam,ice-beam,ice-punch,icy-wind,imprison,iron-defense,iron-tail,light-screen,liquidation,low-sweep,mud-shot,muddy-water,nasty-plot,poison-jab,power-gem,protect,psych-up,psychic,psychic-noise,psychic-terrain,psyshock,rain-dance,razor-shell,rest,round,safeguard,scary-face,shadow-ball,skill-swap,slack-off,sleep-talk,sludge-bomb,sludge-wave,snarl,snore,snowscape,stomping-tantrum,stored-power,substitute,sunny-day,surf,swagger,taunt,thunder-punch,thunder-wave,toxic,toxic-spikes,tri-attack,trick,trick-room,venoshock,water-pulse,waterfall,weather-ball,whirlpool,wonder-room,yawn,zen-headbutt"
"205","forretress","","bug","steel","75","90","140","60","60","40","sturdy","overcoat","","1258","12","205","body-press,body-slam,bug-bite,bug-buzz,bulldoze,counter,curse,dig,double-edge,drill-run,earth-power,earthquake,endure,explosion,facade,flail,flash-cannon,giga-drain,giga-impact,gravity,gyro-ball,hard-press,heavy-slam,helping-hand,hyper-beam,ice-spinner,iron-defense,iron-head,light-screen,lunge,magnet-rise,metal-sound,pain-split,payback,pin-missile,poison-jab,pounce,power-trick,protect,rain-dance,rapid-spin,reflect,rest,reversal,rock-blast,rock-slide,rock-tomb,round,sand-tomb,sandstorm,seed-bomb,self-destruct,sleep-talk,smart-strike,snore,solar-beam,spikes,stealth-rock,steel-beam,steel-roller,stone-edge,struggle-bug,substitute,sunny-day,thunder-wave,toxic-spikes,venoshock,volt-switch"
"208","steelix","","steel","ground","75","85","200","55","65","30","rock-head","sturdy","sheer-force","4000","92","208","ancient-power,attract,bind,block,body-press,body-slam,breaking-swipe,brutal-swing,bulldoze,crunch,curse,dark-pulse,dig,double-edge,dragon-dance,dragon-pulse,dragon-tail,drill-run,earth-power,earthquake,endure,facade,fire-fang,fissure,flail,flash-cannon,giga-impact,gyro-ball,head-smash,heavy-slam,high-horsepower,hyper-beam,ice-fang,iron-defense,iron-head,iron-tail,magnet-rise,meteor-beam,payback,protect,psychic-fangs,rest,rock-blast,rock-polish,rock-slide,rock-tomb,round,sand-tomb,sandstorm,scary-face,scorching-sands,screech,self-destruct,sleep-talk,smack-down,snore,stealth-rock,steel-beam,steel-roller,stomping-tantrum,stone-edge,substitute,sunny-day,taunt,thunder-fang,wide-guard"
"212","scizor","","bug","steel","70","130","100","55","80","65","swarm","technician","light-metal","1180","18","212","bullet-punch,protect,bug-bite,close-combat,knock-off,swords-dance,acrobatics,aerial-ace,agility,air-cutter,air-slash,assurance,baton-pass,brick-break,brutal-swing,bug-buzz,counter,curse,defog,double-hit,double-team,double-edge,dual-wingbeat,endure,facade,feint,flash-cannon,fling,focus-energy,giga-impact,hard-press,helping-hand,hyper-beam,iron-defense,iron-head,light-screen,lunge,night-slash,pounce,psycho-cut,quick-attack,quick-guard,rain-dance,rest,reversal,roost,round,sandstorm,scary-face,skitter-smack,sleep-talk,snore,steel-beam,steel-wing,struggle-bug,substitute,sunny-day,superpower,tailwind,thief,trailblaze,u-turn,vacuum-wave,x-scissor"
"214","heracross","","bug","fighting","80","125","75","40","95","85","swarm","guts","moxie","540","15","214","aerial-ace,assurance,body-slam,brick-break,brutal-swing,bug-bite,bug-buzz,bulk-up,bulldoze,bullet-seed,circle-throw,close-combat,coaching,counter,curse,detect,dig,double-edge,earthquake,endeavor,endure,facade,feint,flail,fling,focus-blast,focus-punch,giga-impact,helping-hand,high-horsepower,hyper-beam,iron-defense,knock-off,low-kick,lunge,megahorn,night-slash,pin-missile,pounce,protect,rain-dance,rest,reversal,rock-blast,rock-slide,rock-tomb,round,seismic-toss,shadow-claw,skitter-smack,sleep-talk,smack-down,smart-strike,snore,spikes,stone-edge,struggle-bug,substitute,sunny-day,swords-dance,thief,thrash,throat-chop,trailblaze,upper-hand,vacuum-wave"
"227","skarmory","","steel","flying","65","80","140","40","70","70","keen-eye","sturdy","weak-armor","505","17","227","brave-bird,iron-head,protect,tailwind,aerial-ace,agility,air-cutter,air-slash,assurance,body-press,curse,dark-pulse,drill-peck,drill-run,dual-wingbeat,endure,facade,feint,flash-cannon,fly,giga-impact,hurricane,hyper-beam,icy-wind,iron-defense,metal-sound,night-slash,payback,rest,reversal,roar,rock-slide,rock-tomb,roost,round,sand-tomb,sandstorm,sky-attack,sleep-talk,snore,spikes,stealth-rock,steel-beam,steel-wing,substitute,sunny-day,swords-dance,taunt,thief,whirlwind,x-scissor"
"229","houndoom","","dark","fire","75","90","50","110","80","95","early-bird","flash-fire","unnerve","350","14","229","beat-up,bite,body-slam,burning-jealousy,comeuppance,counter,crunch,dark-pulse,destiny-bond,double-edge,endeavor,endure,facade,feint,fire-blast,fire-fang,fire-spin,flame-charge,flamethrower,flare-blitz,foul-play,giga-impact,heat-wave,helping-hand,howl,hyper-beam,hyper-voice,inferno,iron-tail,lash-out,mud-shot,mud-slap,nasty-plot,overheat,pain-split,payback,protect,psychic-fangs,rain-dance,rest,reversal,roar,round,scary-face,scorching-sands,shadow-ball,sleep-talk,sludge-bomb,snarl,snore,solar-beam,spite,substitute,sucker-punch,sunny-day,super-fang,swagger,taunt,temper-flare,thief,throat-chop,thunder-fang,torment,toxic,trailblaze,uproar,will-o-wisp"
"248","tyranitar","","rock","dark","100","134","110","95","100","61","sand-stream","unnerve","","2020","20","248","rock-slide,knock-off,low-kick,protect,ice-punch,stone-edge,high-horsepower,breaking-swipe,crunch,dragon-dance,earthquake,aerial-ace,ancient-power,assurance,avalanche,bite,blizzard,body-press,body-slam,brick-break,brutal-swing,bulldoze,curse,dark-pulse,dig,double-edge,dragon-claw,dragon-pulse,dragon-tail,earth-power,endure,facade,fire-blast,fire-fang,fire-punch,flamethrower,fling,focus-blast,focus-energy,focus-punch,foul-play,giga-impact,hard-press,heavy-slam,helping-hand,hydro-pump,hyper-beam,ice-beam,ice-fang,icy-wind,iron-defense,iron-head,iron-tail,lash-out,mega-kick,mud-shot,mud-slap,muddy-water,outrage,payback,power-gem,rain-dance,rest,roar,rock-blast,rock-tomb,round,sand-tomb,sandstorm,scary-face,screech,shadow-claw,sleep-talk,smack-down,snarl,snore,spite,stealth-rock,stomping-tantrum,substitute,sunny-day,superpower,surf,swagger,taunt,thrash,thunder,thunder-fang,thunder-punch,thunder-wave,thunderbolt,uproar"
"279","pelipper","","water","flying","60","50","100","95","70","65","keen-eye","drizzle","rain-dish","280","12","279","hurricane,weather-ball,protect,tailwind,wide-guard,icy-wind,muddy-water,hydro-pump,acrobatics,aerial-ace,agility,air-cutter,air-slash,aqua-ring,blizzard,body-slam,chilling-water,dual-wingbeat,endure,facade,feather-dance,fling,fly,giga-impact,gunk-shot,helping-hand,hyper-beam,ice-beam,knock-off,liquidation,quick-attack,rain-dance,rest,roost,round,seed-bomb,sleep-talk,snore,snowscape,soak,spit-up,steel-wing,stockpile,substitute,surf,swallow,thief,u-turn,uproar,water-pulse,waterfall,whirlpool"
"282","gardevoir","","psychic","fairy","68","65","65","125","115","80","synchronize","trace","telepathy","484","16","282","moonblast,psyshock,dazzling-gleam,hyper-voice,protect,psychic,aura-sphere,icy-wind,trick-room,calm-mind,alluring-voice,body-slam,charge-beam,charm,confuse-ray,destiny-bond,disable,double-team,draining-kiss,encore,endure,energy-ball,expanding-force,facade,fire-punch,fling,focus-blast,future-sight,giga-impact,grass-knot,gravity,guard-swap,heal-pulse,healing-wish,helping-hand,hyper-beam,hypnosis,ice-punch,imprison,knock-off,life-dew,light-screen,magic-room,mean-look,memento,misty-explosion,misty-terrain,mystical-fire,night-shade,pain-split,power-swap,psych-up,psychic-noise,psychic-terrain,rain-dance,reflect,rest,round,safeguard,shadow-ball,shadow-sneak,skill-swap,sleep-talk,snore,stored-power,substitute,sunny-day,swagger,taunt,thief,thunder-punch,thunder-wave,thunderbolt,trick,triple-axel,vacuum-wave,will-o-wisp,wish,wonder-room,zen-headbutt"
"302","sableye","","dark","ghost","50","75","75","65","65","50","keen-eye","stall","prankster","110","5","302","encore,light-screen,rain-dance,reflect,aerial-ace,body-slam,brick-break,bulk-up,calm-mind,confuse-ray,dark-pulse,dazzling-gleam,detect,dig,disable,drain-punch,endure,energy-ball,facade,fake-out,feint,fire-punch,flatter,fling,focus-punch,foul-play,giga-drain,giga-impact,gravity,gyro-ball,helping-hand,hex,hyper-beam,ice-punch,icy-wind,imprison,knock-off,lash-out,low-kick,low-sweep,mean-look,mega-kick,metal-burst,mud-shot,mud-slap,nasty-plot,night-shade,night-slash,pain-split,payback,phantom-force,poison-jab,poltergeist,power-gem,protect,psych-up,psychic,quash,recover,rest,rock-tomb,round,safeguard,shadow-ball,shadow-claw,shadow-punch,shadow-sneak,skill-swap,skitter-smack,sleep-talk,snarl,snore,spite,substitute,sucker-punch,sunny-day,swagger,taunt,thief,throat-chop,thunder-punch,thunder-wave,torment,trick,will-o-wisp,wonder-room,x-scissor,zen-headbutt"
"306","aggron","","steel","rock","70","110","180","60","60","50","sturdy","rock-head","heavy-metal","3600","21","306","ancient-power,attract,avalanche,blizzard,body-press,body-slam,brick-break,brutal-swing,bulldoze,crunch,curse,dark-pulse,dig,double-edge,dragon-claw,dragon-pulse,dragon-rush,earth-power,earthquake,endeavor,endure,facade,fire-blast,fire-punch,flamethrower,flash-cannon,fling,focus-blast,giga-impact,head-smash,heavy-slam,high-horsepower,hydro-pump,hyper-beam,ice-beam,ice-punch,icy-wind,iron-defense,iron-head,iron-tail,low-kick,mega-kick,metal-burst,metal-sound,meteor-beam,mud-slap,outrage,payback,protect,rain-dance,rest,reversal,roar,rock-blast,rock-slide,rock-tomb,round,sand-tomb,sandstorm,scary-face,screech,shadow-claw,sleep-talk,smart-strike,snore,solar-beam,stealth-rock,steel-beam,steel-roller,stomping-tantrum,stone-edge,substitute,sunny-day,superpower,surf,swagger,taunt,thunder,thunder-punch,thunder-wave,thunderbolt,uproar,whirlpool"
"308","medicham","","fighting","psychic","60","60","75","60","75","80","pure-power","telepathy","","315","13","308","acupressure,aerial-ace,agility,aura-sphere,axe-kick,baton-pass,blaze-kick,body-slam,brick-break,bulk-up,bullet-punch,calm-mind,close-combat,coaching,counter,detect,drain-punch,dynamic-punch,endure,energy-ball,expanding-force,facade,fake-out,feint,fire-punch,fling,focus-blast,focus-punch,giga-impact,grass-knot,gravity,guard-swap,helping-hand,high-jump-kick,hyper-beam,ice-punch,imprison,light-screen,low-kick,low-sweep,mega-kick,night-shade,pain-split,poison-jab,power-swap,power-trick,protect,psych-up,psychic,psychic-terrain,psycho-cut,psyshock,quick-guard,rain-dance,recover,reflect,rest,reversal,rock-slide,rock-tomb,round,shadow-ball,skill-swap,sleep-talk,snore,stored-power,substitute,sunny-day,taunt,thief,thunder-punch,trailblaze,trick,trick-room,upper-hand,vacuum-wave,zen-headbutt"
"310","manectric","","electric","","70","75","60","105","60","105","static","lightning-rod","minus","402","15","310","protect,snarl,thunderbolt,volt-switch,agility,attract,bite,body-slam,charge,charge-beam,crunch,curse,discharge,eerie-impulse,electric-terrain,electro-ball,endure,facade,fire-fang,flamethrower,giga-impact,howl,hyper-beam,hyper-voice,ice-fang,iron-tail,light-screen,overheat,pounce,psychic-fangs,quick-attack,rain-dance,rest,rising-voltage,roar,round,scary-face,sleep-talk,snore,substitute,supercell-slam,switcheroo,thief,thunder,thunder-fang,thunder-wave,trailblaze,uproar,wild-charge"
"319","sharpedo","","water","dark","70","120","40","95","40","95","rough-skin","speed-boost","","888","18","319","agility,ancient-power,aqua-jet,assurance,attract,avalanche,bite,blizzard,bounce,bulldoze,chilling-water,close-combat,crunch,dark-pulse,destiny-bond,dive,double-edge,earthquake,endure,facade,flip-turn,focus-energy,giga-impact,hydro-pump,hyper-beam,ice-beam,ice-fang,icy-wind,liquidation,night-slash,payback,poison-fang,poison-jab,protect,psychic-fangs,rain-dance,rest,rock-tomb,round,scald,scale-shot,scary-face,screech,sleep-talk,snarl,snore,substitute,surf,swagger,taunt,thrash,uproar,water-pulse,waterfall,whirlpool,zen-headbutt"
"323","camerupt","","fire","ground","70","100","70","105","75","40","magma-armor","solid-rock","anger-point","2200","19","323","amnesia,ancient-power,body-press,body-slam,bulldoze,burning-jealousy,charm,curse,dig,double-edge,earth-power,earthquake,endeavor,endure,eruption,facade,fire-blast,fire-spin,fissure,flame-charge,flamethrower,flare-blitz,flash-cannon,focus-energy,giga-impact,growth,heat-crash,heat-wave,heavy-slam,helping-hand,high-horsepower,howl,hyper-beam,iron-head,lash-out,lava-plume,mud-shot,mud-slap,overheat,protect,rain-dance,rest,roar,rock-slide,rock-tomb,round,sandstorm,scary-face,scorching-sands,self-destruct,sleep-talk,smack-down,snore,solar-beam,spit-up,stealth-rock,stockpile,stomping-tantrum,stone-edge,substitute,sunny-day,swallow,temper-flare,trailblaze,will-o-wisp,yawn,zen-headbutt"
"324","torkoal","","fire","","70","85","140","85","70","20","white-smoke","drought","shell-armor","804","5","324","eruption,protect,heat-wave,weather-ball,earth-power,solar-beam,amnesia,ancient-power,body-press,body-slam,bulldoze,burning-jealousy,clear-smog,curse,double-edge,earthquake,endure,facade,fire-blast,fire-spin,fissure,flail,flame-charge,flamethrower,flare-blitz,giga-impact,gyro-ball,heat-crash,heavy-slam,helping-hand,hyper-beam,inferno,iron-defense,lava-plume,overheat,rapid-spin,rest,rock-slide,rock-tomb,round,sandstorm,scorching-sands,self-destruct,shell-smash,sleep-talk,sludge-bomb,snore,stealth-rock,stomping-tantrum,stone-edge,substitute,sunny-day,superpower,temper-flare,will-o-wisp,yawn,zen-headbutt"
"334","altaria","","dragon","flying","75","70","90","70","105","80","natural-cure","cloud-nine","","206","11","334","acrobatics,aerial-ace,agility,alluring-voice,body-slam,brave-bird,breaking-swipe,bulldoze,cotton-guard,dazzling-gleam,defog,double-edge,draco-meteor,dragon-cheer,dragon-claw,dragon-dance,dragon-pulse,dragon-rush,dual-wingbeat,earthquake,endeavor,endure,facade,feather-dance,fire-blast,fire-spin,flamethrower,fly,giga-impact,haze,heat-wave,helping-hand,hurricane,hyper-beam,hyper-voice,ice-beam,moonblast,outrage,perish-song,play-rough,pluck,power-swap,protect,rain-dance,rest,roar,roost,round,safeguard,sing,sky-attack,sleep-talk,snore,snowscape,solar-beam,steel-wing,substitute,sunny-day,tailwind,thief,trailblaze,uproar,weather-ball,will-o-wisp,wonder-room"
"350","milotic","","water","","95","60","79","100","125","81","marvel-scale","competitive","cute-charm","1620","62","350","scald,protect,icy-wind,ice-beam,recover,muddy-water,helping-hand,hypnosis,life-dew,coil,alluring-voice,aqua-ring,aqua-tail,attract,avalanche,blizzard,body-slam,breaking-swipe,brutal-swing,bulldoze,chilling-water,confuse-ray,dive,double-edge,dragon-cheer,dragon-dance,dragon-pulse,dragon-tail,draining-kiss,endure,facade,flail,flip-turn,giga-impact,haze,hydro-pump,hyper-beam,imprison,iron-head,iron-tail,light-screen,mirror-coat,mud-shot,psych-up,rain-dance,rest,round,safeguard,scale-shot,skitter-smack,sleep-talk,snore,substitute,surf,tickle,triple-axel,water-pulse,waterfall,weather-ball,whirlpool,wrap"
"351","castform","","normal","","70","70","70","70","70","70","forecast","","","8","3","351","amnesia,attract,avalanche,blizzard,body-slam,chilling-water,cosmic-power,endure,energy-ball,facade,fire-blast,flamethrower,future-sight,guard-swap,hex,hurricane,hydro-pump,ice-beam,icy-wind,protect,rain-dance,rest,round,sandstorm,scald,shadow-ball,sleep-talk,snore,snowscape,solar-beam,substitute,sunny-day,thief,thunder,thunder-wave,thunderbolt,weather-ball"
"354","banette","","ghost","","64","115","65","83","63","65","insomnia","frisk","cursed-body","125","11","354","burning-jealousy,calm-mind,charge-beam,confuse-ray,curse,dark-pulse,dazzling-gleam,destiny-bond,disable,encore,endure,facade,fling,foul-play,giga-impact,gunk-shot,helping-hand,hex,hyper-beam,icy-wind,imprison,knock-off,lash-out,magic-room,nasty-plot,night-shade,pain-split,payback,phantom-force,poltergeist,pounce,protect,psych-up,psychic,rain-dance,rest,role-play,round,scary-face,screech,shadow-ball,shadow-claw,shadow-punch,shadow-sneak,skill-swap,skitter-smack,sleep-talk,snore,spite,substitute,sucker-punch,sunny-day,swagger,swords-dance,taunt,thief,throat-chop,thunder,thunder-wave,thunderbolt,torment,trailblaze,trick,trick-room,will-o-wisp,zen-headbutt"
"358","chimecho","","psychic","","75","50","80","95","90","65","levitate","","","10","6","358","ally-switch,baton-pass,boomburst,calm-mind,charge-beam,charm,cosmic-power,curse,dazzling-gleam,disable,double-edge,draining-kiss,encore,endure,energy-ball,expanding-force,extrasensory,facade,fake-tears,flash-cannon,future-sight,grass-knot,gravity,heal-bell,heal-pulse,healing-wish,helping-hand,hyper-beam,hypnosis,icy-wind,imprison,knock-off,light-screen,metal-sound,protect,psych-up,psychic,psychic-noise,psyshock,rain-dance,recover,recycle,reflect,rest,round,safeguard,screech,self-destruct,shadow-ball,skill-swap,sleep-talk,snarl,snore,stored-power,substitute,sunny-day,taunt,thunder-wave,trick,trick-room,uproar,wish,wrap,yawn,zen-headbutt"
"359","absol","","dark","","65","130","60","75","60","75","pressure","super-luck","justified","470","12","359","aerial-ace,air-slash,assurance,attract,baton-pass,bite,blizzard,body-slam,bounce,brutal-swing,calm-mind,close-combat,confuse-ray,curse,dark-pulse,detect,double-team,double-edge,endure,facade,feint,fire-blast,flamethrower,focus-energy,foul-play,future-sight,giga-impact,hex,hyper-beam,ice-beam,icy-wind,iron-tail,knock-off,mean-look,megahorn,night-slash,payback,perish-song,phantom-force,play-rough,protect,psycho-cut,quick-attack,rain-dance,rest,rock-slide,rock-tomb,round,sandstorm,shadow-ball,shadow-claw,shadow-sneak,sleep-talk,snarl,snore,stone-edge,substitute,sucker-punch,sunny-day,superpower,swords-dance,taunt,thief,throat-chop,thunder,thunder-wave,thunderbolt,trailblaze,will-o-wisp,x-scissor,zen-headbutt"
"362","glalie","","ice","","80","80","80","80","80","80","inner-focus","ice-body","moody","2565","15","362","avalanche,bite,blizzard,block,body-slam,bulldoze,chilling-water,crunch,dark-pulse,disable,double-team,earthquake,endure,explosion,facade,fake-tears,foul-play,freeze-dry,frost-breath,giga-impact,gyro-ball,helping-hand,hex,hyper-beam,ice-beam,ice-fang,ice-shard,ice-spinner,icicle-crash,icicle-spear,icy-wind,iron-head,light-screen,payback,protect,rain-dance,rest,round,scary-face,self-destruct,shadow-ball,sheer-cold,sleep-talk,snore,snowscape,spikes,spite,steel-roller,substitute,switcheroo,taunt,trailblaze,water-pulse,weather-ball"
"389","torterra","","grass","ground","95","109","105","75","85","56","overgrow","shell-armor","","3100","22","389","amnesia,attract,bite,body-press,body-slam,bulldoze,bullet-seed,crunch,curse,double-edge,earth-power,earthquake,endure,energy-ball,facade,frenzy-plant,giga-drain,giga-impact,grass-knot,grassy-glide,grassy-terrain,growth,hard-press,headlong-rush,heavy-slam,high-horsepower,hyper-beam,hyper-voice,iron-defense,iron-head,leaf-storm,leech-seed,light-screen,mud-shot,mud-slap,outrage,protect,reflect,rest,roar,rock-blast,rock-slide,rock-tomb,round,sand-tomb,sandstorm,scary-face,scorching-sands,seed-bomb,shell-smash,sleep-talk,smack-down,snore,solar-beam,spit-up,stealth-rock,stockpile,stomping-tantrum,stone-edge,substitute,sunny-day,superpower,swallow,swords-dance,synthesis,thrash,tickle,trailblaze,wide-guard,wood-hammer,worry-seed,zen-headbutt"
"392","infernape","","fire","fighting","76","104","71","104","71","108","blaze","iron-fist","","550","12","392","acrobatics,aerial-ace,agility,attract,aura-sphere,blast-burn,blaze-kick,body-slam,brick-break,bulk-up,bulldoze,burning-jealousy,calm-mind,close-combat,coaching,counter,dig,double-edge,drain-punch,earthquake,encore,endeavor,endure,facade,fake-out,fake-tears,feint,fire-blast,fire-punch,fire-spin,flame-charge,flamethrower,flare-blitz,fling,focus-blast,focus-energy,focus-punch,giga-impact,grass-knot,gunk-shot,heat-wave,helping-hand,hyper-beam,iron-tail,knock-off,lash-out,low-kick,low-sweep,mach-punch,mud-slap,nasty-plot,overheat,poison-jab,protect,psych-up,raging-fury,rest,reversal,roar,rock-slide,rock-tomb,round,scary-face,scorching-sands,shadow-claw,slack-off,sleep-talk,smack-down,snore,solar-beam,stealth-rock,stone-edge,substitute,sunny-day,switcheroo,swords-dance,taunt,temper-flare,thief,throat-chop,thunder-punch,torment,u-turn,upper-hand,uproar,vacuum-wave,will-o-wisp,zen-headbutt"
"395","empoleon","","water","steel","84","86","88","111","101","60","torrent","defiant","","845","17","395","flash-cannon,ice-beam,protect,weather-ball,aerial-ace,agility,air-cutter,air-slash,aqua-jet,aqua-ring,attract,avalanche,blizzard,body-slam,brick-break,bulldoze,charm,chilling-water,dig,dive,double-edge,drill-peck,dual-wingbeat,earthquake,endure,facade,feather-dance,fling,flip-turn,giga-impact,grass-knot,haze,helping-hand,hydro-cannon,hydro-pump,hyper-beam,ice-spinner,icy-wind,iron-defense,knock-off,lash-out,liquidation,metal-sound,mud-slap,power-trip,psych-up,rain-dance,rest,roar,rock-slide,rock-tomb,roost,round,scary-face,shadow-claw,sleep-talk,snore,snowscape,stealth-rock,steel-beam,steel-wing,substitute,surf,swagger,swords-dance,throat-chop,triple-axel,uproar,vacuum-wave,water-pulse,waterfall,wave-crash,whirlpool,yawn"
"405","luxray","","electric","","80","120","79","95","79","70","rivalry","intimidate","guts","420","14","405","agility,baby-doll-eyes,bite,body-slam,charge,charge-beam,confuse-ray,crunch,discharge,double-edge,eerie-impulse,electric-terrain,electro-ball,electroweb,endure,facade,fake-tears,fire-fang,giga-impact,helping-hand,howl,hyper-beam,ice-fang,iron-tail,light-screen,night-slash,play-rough,protect,psychic-fangs,quick-attack,rain-dance,rest,rising-voltage,roar,round,scary-face,sleep-talk,snarl,snore,substitute,sunny-day,supercell-slam,superpower,swagger,thief,throat-chop,thunder,thunder-fang,thunder-wave,thunderbolt,trailblaze,volt-switch,wild-charge"
"407","roserade","","grass","poison","60","70","65","125","105","90","natural-cure","poison-point","technician","145","9","407","attract,body-slam,bullet-seed,charm,cotton-spore,dazzling-gleam,endure,energy-ball,extrasensory,facade,giga-drain,giga-impact,grass-knot,grassy-glide,grassy-terrain,growth,hyper-beam,ingrain,leaf-storm,leech-seed,life-dew,petal-blizzard,petal-dance,pin-missile,poison-jab,power-whip,protect,rain-dance,rest,round,seed-bomb,shadow-ball,sleep-powder,sleep-talk,sludge-bomb,snore,solar-beam,spikes,stun-spore,substitute,sunny-day,sweet-scent,swords-dance,synthesis,toxic,toxic-spikes,trailblaze,uproar,venoshock,weather-ball,worry-seed"
"409","rampardos","","rock","","97","165","60","65","50","58","mold-breaker","sheer-force","","1025","16","409","ancient-power,assurance,attract,avalanche,blizzard,body-press,body-slam,breaking-swipe,brick-break,bulldoze,crunch,curse,dig,double-edge,dragon-cheer,dragon-claw,dragon-pulse,dragon-tail,earth-power,earthquake,endeavor,endure,facade,fire-blast,fire-punch,flamethrower,fling,focus-blast,focus-energy,focus-punch,giga-impact,hammer-arm,head-smash,heavy-slam,hyper-beam,ice-beam,iron-head,iron-tail,meteor-beam,mud-slap,outrage,payback,protect,rain-dance,rest,roar,rock-blast,rock-slide,rock-tomb,round,sandstorm,scary-face,screech,sleep-talk,smack-down,snore,stealth-rock,stomping-tantrum,stone-edge,substitute,sunny-day,supercell-slam,superpower,surf,swords-dance,thief,thrash,thunder,thunder-punch,thunderbolt,trailblaze,uproar,whirlwind,zen-headbutt"
"411","bastiodon","","rock","steel","60","52","168","47","138","30","sturdy","soundproof","","1495","13","411","ancient-power,attract,avalanche,blizzard,block,body-press,body-slam,bulldoze,counter,curse,dig,double-edge,earth-power,earthquake,endure,facade,fire-blast,fissure,flamethrower,flash-cannon,focus-energy,foul-play,giga-impact,guard-split,hard-press,heavy-slam,hyper-beam,ice-beam,iron-defense,iron-head,iron-tail,metal-burst,metal-sound,meteor-beam,mud-slap,outrage,power-gem,protect,rain-dance,reflect,rest,reversal,roar,rock-blast,rock-slide,rock-tomb,round,sand-tomb,sandstorm,scary-face,scorching-sands,screech,sleep-talk,smack-down,snore,stealth-rock,steel-beam,steel-roller,stomping-tantrum,stone-edge,substitute,sunny-day,swagger,taunt,thunder,thunderbolt,trailblaze,wide-guard"
"428","lopunny","","normal","","65","76","84","54","96","105","cute-charm","klutz","limber","333","12","428","close-combat,fake-out,protect,quick-attack,acrobatics,after-you,agility,assurance,attract,aura-sphere,baby-doll-eyes,baton-pass,blizzard,bounce,brutal-swing,charm,circle-throw,copycat,cosmic-power,cotton-guard,dig,double-hit,drain-punch,draining-kiss,dynamic-punch,encore,endure,entrainment,facade,fake-tears,fire-punch,flail,flatter,fling,focus-blast,focus-punch,giga-impact,grass-knot,healing-wish,helping-hand,high-jump-kick,hyper-beam,hyper-voice,ice-beam,ice-punch,iron-tail,low-kick,low-sweep,mach-punch,mega-kick,mirror-coat,payback,play-rough,pounce,rain-dance,rest,reversal,round,shadow-ball,sleep-talk,snore,solar-beam,substitute,sunny-day,sweet-kiss,switcheroo,swords-dance,teeter-dance,thunder,thunder-punch,thunder-wave,thunderbolt,trailblaze,triple-axel,u-turn,uproar"
"442","spiritomb","","ghost","dark","50","92","108","92","108","35","pressure","infiltrator","","1080","10","442","ally-switch,body-slam,burning-jealousy,calm-mind,confuse-ray,curse,dark-pulse,destiny-bond,disable,endure,facade,foul-play,giga-impact,helping-hand,hex,hyper-beam,hypnosis,icy-wind,imprison,lash-out,memento,nasty-plot,night-shade,pain-split,payback,phantom-force,poltergeist,protect,psychic,psyshock,rain-dance,rest,rock-tomb,round,scary-face,shadow-ball,shadow-sneak,skill-swap,sleep-talk,snarl,snore,spite,stored-power,substitute,sucker-punch,sunny-day,taunt,thief,toxic,trick,trick-room,uproar,will-o-wisp,wonder-room"
"445","garchomp","","dragon","ground","108","130","95","80","85","102","sand-veil","rough-skin","","950","19","445","dragon-claw,earthquake,rock-slide,protect,stomping-tantrum,bulldoze,swords-dance,stone-edge,poison-jab,high-horsepower,rock-tomb,scale-shot,aerial-ace,bite,body-slam,breaking-swipe,brick-break,brutal-swing,crunch,dig,double-edge,draco-meteor,dragon-cheer,dragon-pulse,dragon-rush,dragon-tail,earth-power,endure,facade,fire-blast,fire-fang,flamethrower,fling,giga-impact,helping-hand,hyper-beam,iron-head,iron-tail,liquidation,mud-shot,outrage,power-gem,rain-dance,rest,round,sand-tomb,sandstorm,scary-face,scorching-sands,shadow-claw,sleep-talk,snore,spikes,stealth-rock,substitute,sunny-day,surf,thrash,thunder-fang"
"448","lucario","","fighting","steel","70","110","70","115","70","90","steadfast","inner-focus","justified","540","12","448","aerial-ace,agility,aura-sphere,bite,blaze-kick,body-slam,bone-rush,brick-break,bulk-up,bulldoze,bullet-punch,calm-mind,circle-throw,close-combat,coaching,copycat,counter,cross-chop,crunch,dark-pulse,detect,dig,dragon-pulse,drain-punch,earthquake,endure,extreme-speed,facade,feint,final-gambit,flash-cannon,fling,focus-blast,focus-energy,focus-punch,giga-impact,heal-pulse,helping-hand,high-jump-kick,howl,hyper-beam,ice-punch,iron-defense,iron-tail,life-dew,low-kick,low-sweep,mega-kick,metal-sound,meteor-mash,nasty-plot,payback,poison-jab,protect,psych-up,psychic,quick-attack,quick-guard,rain-dance,rest,reversal,roar,rock-slide,rock-tomb,round,scary-face,screech,shadow-ball,shadow-claw,sleep-talk,snore,steel-beam,stone-edge,substitute,sunny-day,swords-dance,terrain-pulse,thunder-punch,trailblaze,upper-hand,vacuum-wave,water-pulse,zen-headbutt"
"450","hippowdon","","ground","","108","112","118","68","72","47","sand-stream","sand-force","","3000","20","450","amnesia,bite,body-press,body-slam,bulldoze,crunch,curse,dig,earth-power,earthquake,endure,facade,fire-fang,fissure,giga-impact,hard-press,heavy-slam,helping-hand,high-horsepower,hyper-beam,hyper-voice,ice-fang,iron-head,mud-shot,mud-slap,muddy-water,protect,rest,roar,rock-slide,rock-tomb,round,sand-tomb,sandstorm,scorching-sands,slack-off,sleep-talk,snore,spit-up,stealth-rock,stockpile,stomping-tantrum,stone-edge,substitute,sunny-day,superpower,swallow,thunder-fang,whirlwind,yawn"
"454","toxicroak","","poison","fighting","83","106","65","86","65","85","anticipation","dry-skin","poison-touch","444","13","454","acid-spray,aerial-ace,assurance,baton-pass,belch,bounce,brick-break,bulk-up,bulldoze,bullet-punch,chilling-water,close-combat,coaching,corrosive-gas,counter,cross-chop,cross-poison,dark-pulse,dig,drain-punch,dynamic-punch,earthquake,encore,endure,facade,fake-out,feint,flatter,fling,focus-blast,focus-punch,foul-play,giga-impact,gunk-shot,helping-hand,hyper-beam,ice-punch,icy-wind,knock-off,lash-out,low-kick,low-sweep,mega-kick,mud-shot,mud-slap,nasty-plot,payback,poison-jab,protect,quick-guard,rain-dance,rest,reversal,rock-slide,rock-tomb,round,scary-face,screech,shadow-ball,shadow-claw,sleep-talk,sludge-bomb,sludge-wave,snore,spite,stone-edge,substitute,sucker-punch,sunny-day,super-fang,swagger,swords-dance,taunt,thief,throat-chop,thunder-punch,toxic,upper-hand,vacuum-wave,venoshock,x-scissor"
"460","abomasnow","","grass","ice","90","92","75","92","85","60","snow-warning","soundproof","","1355","22","460","aurora-veil,avalanche,blizzard,body-press,body-slam,brick-break,bulldoze,bullet-seed,chilling-water,curse,double-edge,earth-power,earthquake,endure,energy-ball,facade,fling,focus-blast,focus-punch,frost-breath,giga-drain,giga-impact,grass-knot,grassy-glide,growth,hard-press,helping-hand,hyper-beam,ice-beam,ice-hammer,ice-punch,ice-shard,ice-spinner,icicle-spear,icy-wind,ingrain,iron-tail,leaf-storm,leech-seed,low-kick,mega-kick,mud-slap,outrage,protect,rain-dance,rest,rock-slide,rock-tomb,round,scary-face,seed-bomb,shadow-ball,sheer-cold,sleep-talk,snore,snowscape,solar-beam,stomping-tantrum,substitute,swagger,swords-dance,trailblaze,water-pulse,weather-ball,wood-hammer"
"461","weavile","","dark","ice","70","120","65","45","85","125","pressure","pickpocket","","340","11","461","beat-up,fake-out,throat-chop,triple-axel,aerial-ace,agility,assurance,avalanche,baton-pass,bite,blizzard,brick-break,calm-mind,chilling-water,counter,dark-pulse,dig,double-hit,endure,facade,fake-tears,feint,fling,focus-blast,focus-punch,foul-play,giga-impact,helping-hand,hyper-beam,ice-beam,ice-punch,ice-shard,ice-spinner,icicle-crash,icicle-spear,icy-wind,knock-off,lash-out,low-kick,low-sweep,mega-kick,nasty-plot,night-slash,payback,poison-jab,protect,psycho-cut,quick-attack,rain-dance,reflect,rest,reversal,round,scary-face,screech,shadow-ball,shadow-claw,sleep-talk,snarl,snore,snowscape,spite,substitute,sunny-day,surf,swords-dance,taunt,thief,trailblaze,upper-hand,water-pulse,x-scissor"
"464","rhyperior","","ground","rock","115","140","130","55","55","40","lightning-rod","solid-rock","reckless","2828","24","464","avalanche,blizzard,body-press,body-slam,breaking-swipe,brick-break,brutal-swing,bulldoze,counter,crunch,curse,dig,double-edge,dragon-pulse,dragon-rush,dragon-tail,drill-run,earth-power,earthquake,endeavor,endure,facade,fire-blast,fire-fang,fire-punch,flamethrower,flash-cannon,fling,focus-blast,focus-punch,giga-impact,guard-split,hammer-arm,heat-crash,heavy-slam,helping-hand,high-horsepower,horn-drill,hydro-pump,hyper-beam,ice-beam,ice-fang,ice-punch,icy-wind,iron-defense,iron-head,iron-tail,mega-kick,megahorn,metal-burst,meteor-beam,mud-shot,mud-slap,outrage,payback,poison-jab,protect,rain-dance,rest,reversal,roar,rock-blast,rock-polish,rock-slide,rock-tomb,rock-wrecker,round,sandstorm,scary-face,scorching-sands,shadow-claw,sleep-talk,smack-down,smart-strike,snore,stealth-rock,stomping-tantrum,stone-edge,substitute,sunny-day,supercell-slam,superpower,surf,swords-dance,temper-flare,thief,thunder,thunder-fang,thunder-punch,thunderbolt,uproar"
"470","leafeon","","grass","","65","110","130","60","65","95","leaf-guard","chlorophyll","","255","10","470","aerial-ace,alluring-voice,baby-doll-eyes,baton-pass,bite,body-slam,bullet-seed,calm-mind,charm,copycat,covet,curse,detect,dig,double-edge,endure,energy-ball,facade,fake-tears,flail,focus-energy,giga-drain,giga-impact,grass-knot,grassy-glide,helping-hand,hyper-beam,hyper-voice,knock-off,last-resort,leaf-blade,leaf-storm,leech-seed,mud-shot,mud-slap,protect,quick-attack,rain-dance,rest,roar,round,seed-bomb,shadow-ball,sleep-talk,snore,solar-beam,solar-blade,stored-power,substitute,sunny-day,swords-dance,synthesis,tickle,trailblaze,weather-ball,wish,x-scissor,yawn"
"471","glaceon","","ice","","65","60","110","130","95","65","snow-cloak","ice-body","","259","8","471","alluring-voice,avalanche,baby-doll-eyes,baton-pass,bite,blizzard,body-slam,calm-mind,chilling-water,copycat,covet,curse,detect,dig,double-edge,endure,facade,fake-tears,flail,focus-energy,freeze-dry,frost-breath,giga-impact,gravity,haze,helping-hand,hyper-beam,hyper-voice,ice-beam,ice-fang,ice-shard,icicle-spear,icy-wind,last-resort,mirror-coat,mud-shot,mud-slap,protect,quick-attack,rain-dance,rest,roar,round,shadow-ball,sleep-talk,snore,snowscape,stored-power,substitute,sunny-day,tickle,trailblaze,triple-axel,water-pulse,weather-ball,wish,yawn"
"472","gliscor","","ground","flying","75","95","125","45","75","95","hyper-cutter","sand-veil","poison-heal","425","20","472","acrobatics,aerial-ace,agility,assurance,attract,baton-pass,breaking-swipe,brick-break,brutal-swing,bulldoze,counter,crabhammer,cross-poison,crunch,dark-pulse,dig,double-edge,dual-wingbeat,earth-power,earthquake,endure,facade,feint,fire-fang,fling,giga-impact,gunk-shot,high-horsepower,hyper-beam,ice-fang,iron-tail,knock-off,lunge,mud-shot,mud-slap,night-slash,payback,pin-missile,poison-jab,power-whip,protect,psychic-fangs,quick-attack,rain-dance,rest,rock-slide,rock-tomb,round,sand-tomb,sandstorm,scale-shot,scary-face,screech,skitter-smack,sleep-talk,sludge-bomb,snore,spikes,stealth-rock,steel-wing,stone-edge,struggle-bug,substitute,sunny-day,swords-dance,tailwind,thief,throat-chop,thunder-fang,toxic,toxic-spikes,u-turn,venoshock,x-scissor"
"473","mamoswine","","ice","ground","110","130","80","70","60","80","oblivious","snow-cloak","thick-fat","2910","25","473","icicle-crash,earthquake,high-horsepower,ice-shard,icy-wind,protect,rock-slide,amnesia,ancient-power,attract,avalanche,bite,blizzard,body-press,body-slam,bulldoze,charm,curse,dig,double-hit,double-edge,earth-power,endeavor,endure,facade,fissure,flail,freeze-dry,giga-impact,hard-press,haze,heavy-slam,hyper-beam,ice-beam,ice-fang,icicle-spear,iron-head,knock-off,mud-shot,mud-slap,rain-dance,reflect,rest,reversal,roar,rock-blast,rock-tomb,sand-tomb,sandstorm,scary-face,sleep-talk,smack-down,snore,snowscape,stealth-rock,stomping-tantrum,stone-edge,substitute,superpower,thrash,throat-chop,trailblaze"
"475","gallade","","psychic","fighting","68","125","65","65","115","80","steadfast","sharpness","justified","520","16","475","protect,psycho-cut,sacred-sword,encore,knock-off,aerial-ace,agility,air-slash,alluring-voice,aqua-cutter,aura-sphere,body-slam,brick-break,bulk-up,bulldoze,calm-mind,charge-beam,charm,close-combat,coaching,confuse-ray,dazzling-gleam,destiny-bond,disable,double-team,drain-punch,draining-kiss,earthquake,endure,energy-ball,expanding-force,facade,feint,fire-punch,fling,focus-blast,focus-punch,future-sight,giga-impact,grass-knot,heal-pulse,helping-hand,hex,hyper-beam,hyper-voice,hypnosis,ice-punch,icy-wind,imprison,leaf-blade,life-dew,light-screen,low-kick,low-sweep,magic-room,mean-look,mega-kick,memento,misty-terrain,mystical-fire,night-shade,night-slash,pain-split,poison-jab,psych-up,psychic,psychic-terrain,psyshock,quick-guard,rain-dance,reflect,rest,reversal,rock-slide,rock-tomb,round,safeguard,shadow-ball,shadow-claw,shadow-sneak,skill-swap,sleep-talk,snore,solar-blade,stone-edge,stored-power,substitute,sunny-day,swords-dance,taunt,thief,throat-chop,thunder-punch,thunder-wave,thunderbolt,trick,trick-room,triple-axel,upper-hand,vacuum-wave"
"478","froslass","","ice","ghost","70","80","70","80","70","110","snow-cloak","cursed-body","","266","13","478","blizzard,protect,shadow-ball,aurora-veil,taunt,avalanche,bite,block,body-slam,charm,chilling-water,confuse-ray,crunch,curse,destiny-bond,disable,double-team,draining-kiss,endure,facade,fake-tears,fling,frost-breath,giga-impact,haze,helping-hand,hex,hyper-beam,ice-beam,ice-fang,ice-punch,ice-shard,ice-spinner,icicle-crash,icicle-spear,icy-wind,imprison,light-screen,nasty-plot,night-shade,pain-split,payback,phantom-force,poltergeist,psych-up,psychic,rain-dance,reflect,rest,round,safeguard,scary-face,sleep-talk,snore,snowscape,spikes,spite,substitute,switcheroo,thunder,thunder-wave,thunderbolt,trailblaze,trick,triple-axel,water-pulse,weather-ball,will-o-wisp"
"479","rotom","","electric","ghost","50","50","77","95","77","91","levitate","","","3","3","479","charge,charge-beam,confuse-ray,dark-pulse,discharge,double-team,eerie-impulse,electric-terrain,electro-ball,electroweb,endure,facade,foul-play,helping-hand,hex,hyper-beam,light-screen,nasty-plot,night-shade,pain-split,poltergeist,protect,rain-dance,reflect,rest,rising-voltage,round,shadow-ball,sleep-talk,snore,spite,stored-power,substitute,sunny-day,thief,thunder,thunder-wave,thunderbolt,trick,uproar,volt-switch,will-o-wisp"
"479","rotom-heat","heat","electric","fire","50","65","107","105","107","86","levitate","","","3","3","10008","overheat,protect,thunderbolt,volt-switch,will-o-wisp,trick,volt-tackle,ally-switch,astonish,charge,charge-beam,confide,confuse-ray,dark-pulse,defog,discharge,double-team,dream-eater,eerie-impulse,electric-terrain,electro-ball,electroweb,endure,facade,flash,foul-play,frustration,helping-hand,hex,hidden-power,hyper-voice,light-screen,mud-slap,nasty-plot,natural-gift,night-shade,ominous-wind,pain-split,poltergeist,psych-up,rain-dance,reflect,rest,return,rising-voltage,round,secret-power,shadow-ball,shock-wave,signal-beam,sleep-talk,snatch,snore,spite,stored-power,substitute,sucker-punch,sunny-day,swagger,swift,telekinesis,tera-blast,thief,thunder,thunder-shock,thunder-wave,toxic,uproar"
"479","rotom-wash","wash","electric","water","50","65","107","105","107","86","levitate","","","3","3","10009","hydro-pump,thunderbolt,volt-switch,protect,will-o-wisp,electroweb,trick,discharge,helping-hand,eerie-impulse,light-screen,nasty-plot,ally-switch,astonish,charge,charge-beam,confide,confuse-ray,dark-pulse,defog,double-team,dream-eater,electric-terrain,electro-ball,endure,facade,flash,foul-play,frustration,hex,hidden-power,hyper-voice,mud-slap,natural-gift,night-shade,ominous-wind,pain-split,poltergeist,psych-up,rain-dance,reflect,rest,return,rising-voltage,round,secret-power,shadow-ball,shock-wave,signal-beam,sleep-talk,snatch,snore,spite,stored-power,substitute,sucker-punch,sunny-day,swagger,swift,telekinesis,tera-blast,thief,thunder,thunder-shock,thunder-wave,toxic,uproar"
"479","rotom-frost","frost","electric","ice","50","65","107","105","107","86","levitate","","","3","3","10010","ally-switch,astonish,blizzard,charge,charge-beam,confide,confuse-ray,dark-pulse,defog,discharge,double-team,dream-eater,eerie-impulse,electric-terrain,electro-ball,electroweb,endure,facade,flash,foul-play,frustration,helping-hand,hex,hidden-power,hyper-voice,light-screen,mud-slap,nasty-plot,natural-gift,night-shade,ominous-wind,pain-split,poltergeist,protect,psych-up,rain-dance,reflect,rest,return,rising-voltage,round,secret-power,shadow-ball,shock-wave,signal-beam,sleep-talk,snatch,snore,spite,stored-power,substitute,sucker-punch,sunny-day,swagger,swift,telekinesis,tera-blast,thief,thunder,thunder-shock,thunder-wave,thunderbolt,toxic,trick,uproar,volt-switch,will-o-wisp"
"479","rotom-fan","fan","electric","flying","50","65","107","105","107","86","levitate","","","3","3","10011","air-slash,ally-switch,astonish,charge,charge-beam,confide,confuse-ray,dark-pulse,defog,discharge,double-team,dream-eater,eerie-impulse,electric-terrain,electro-ball,electroweb,endure,facade,flash,foul-play,frustration,helping-hand,hex,hidden-power,hyper-voice,light-screen,mud-slap,nasty-plot,natural-gift,night-shade,ominous-wind,pain-split,poltergeist,protect,psych-up,rain-dance,reflect,rest,return,rising-voltage,round,secret-power,shadow-ball,shock-wave,signal-beam,sleep-talk,snatch,snore,spite,stored-power,substitute,sucker-punch,sunny-day,swagger,swift,telekinesis,tera-blast,thief,thunder,thunder-shock,thunder-wave,thunderbolt,toxic,trick,uproar,volt-switch,will-o-wisp"
"479","rotom-mow","mow","electric","grass","50","65","107","105","107","86","levitate","","","3","3","10012","ally-switch,astonish,charge,charge-beam,confide,confuse-ray,dark-pulse,defog,discharge,double-team,dream-eater,eerie-impulse,electric-terrain,electro-ball,electroweb,endure,facade,flash,foul-play,frustration,helping-hand,hex,hidden-power,hyper-voice,leaf-storm,light-screen,mud-slap,nasty-plot,natural-gift,night-shade,ominous-wind,pain-split,poltergeist,protect,psych-up,rain-dance,reflect,rest,return,rising-voltage,round,secret-power,shadow-ball,shock-wave,signal-beam,sleep-talk,snatch,snore,spite,stored-power,substitute,sucker-punch,sunny-day,swagger,swift,telekinesis,tera-blast,thief,thunder,thunder-shock,thunder-wave,thunderbolt,toxic,trick,uproar,volt-switch,will-o-wisp"
"497","serperior","","grass","","75","75","95","75","95","113","overgrow","contrary","","630","33","497","aerial-ace,attract,body-slam,breaking-swipe,brutal-swing,bullet-seed,calm-mind,coil,double-edge,dragon-pulse,dragon-tail,endure,energy-ball,facade,frenzy-plant,gastro-acid,giga-drain,giga-impact,glare,grass-knot,grassy-glide,grassy-terrain,growth,helping-hand,hyper-beam,iron-tail,knock-off,leaf-blade,leaf-storm,leech-seed,light-screen,mean-look,mirror-coat,outrage,petal-blizzard,protect,reflect,rest,round,scale-shot,scary-face,seed-bomb,sleep-talk,snore,solar-beam,substitute,sunny-day,sweet-scent,swords-dance,synthesis,taunt,trailblaze,wrap"
"500","emboar","","fire","fighting","110","123","65","100","65","65","blaze","reckless","","1500","16","500","assurance,blast-burn,body-press,body-slam,brick-break,bulk-up,bulldoze,burn-up,close-combat,coaching,curse,dig,double-edge,drain-punch,earthquake,endeavor,endure,facade,fire-blast,fire-punch,fire-spin,flame-charge,flamethrower,flare-blitz,fling,focus-blast,focus-energy,focus-punch,giga-impact,grass-knot,gyro-ball,hammer-arm,hard-press,head-smash,heat-crash,heat-wave,heavy-slam,helping-hand,high-horsepower,hyper-beam,iron-head,iron-tail,knock-off,low-kick,low-sweep,mud-slap,overheat,poison-jab,protect,rest,reversal,roar,rock-slide,rock-tomb,round,scald,scary-face,scorching-sands,sleep-talk,smack-down,snore,solar-beam,solar-blade,stomping-tantrum,stone-edge,storm-throw,substitute,sucker-punch,sunny-day,superpower,taunt,temper-flare,thrash,thunder-punch,trailblaze,wild-charge,will-o-wisp,yawn,zen-headbutt"
"503","samurott","","water","","95","100","85","108","70","70","torrent","shell-armor","","946","15","503","aerial-ace,air-slash,aqua-cutter,aqua-jet,aqua-tail,assurance,avalanche,blizzard,body-slam,brick-break,bulldoze,chilling-water,copycat,detect,dig,dive,drill-run,encore,endure,facade,fling,flip-turn,focus-energy,giga-impact,grass-knot,helping-hand,hydro-cannon,hydro-pump,hyper-beam,ice-beam,icy-wind,iron-tail,knock-off,liquidation,megahorn,night-slash,protect,rain-dance,razor-shell,rest,round,sacred-sword,scary-face,screech,sleep-talk,smart-strike,snore,snowscape,soak,substitute,superpower,surf,swords-dance,taunt,thief,upper-hand,vacuum-wave,water-pulse,waterfall,whirlpool,x-scissor"
"503","samurott-hisui","hisui","water","dark","90","108","80","100","65","85","torrent","sharpness","","582","15","10236","aerial-ace,air-slash,aqua-cutter,aqua-jet,aqua-tail,assurance,avalanche,blizzard,body-slam,brick-break,bulldoze,ceaseless-edge,chilling-water,copycat,dark-pulse,detect,dig,dive,drill-run,encore,endure,facade,fling,flip-turn,focus-energy,giga-impact,grass-knot,helping-hand,hydro-cannon,hydro-pump,hyper-beam,ice-beam,icy-wind,iron-tail,knock-off,lash-out,liquidation,megahorn,night-slash,protect,rain-dance,razor-shell,rest,round,sacred-sword,scary-face,screech,sleep-talk,smart-strike,snarl,snore,snowscape,soak,substitute,sucker-punch,superpower,surf,swords-dance,taunt,thief,throat-chop,upper-hand,vacuum-wave,water-pulse,waterfall,whirlpool,x-scissor"
"505","watchog","","normal","","60","85","69","60","69","77","illuminate","keen-eye","analytic","270","11","505","after-you,assurance,attract,baton-pass,bite,bullet-seed,confuse-ray,crunch,detect,dig,double-edge,endure,facade,fire-punch,flamethrower,fling,focus-blast,focus-energy,giga-impact,grass-knot,gunk-shot,helping-hand,hyper-beam,hypnosis,ice-punch,iron-tail,light-screen,low-kick,mean-look,mud-shot,nasty-plot,protect,psych-up,rain-dance,rest,round,screech,seed-bomb,shadow-ball,sleep-talk,snore,stomping-tantrum,substitute,sunny-day,super-fang,swords-dance,thunder,thunder-punch,thunder-wave,thunderbolt,trailblaze,zen-headbutt"
"510","liepard","","dark","","64","88","50","88","50","106","limber","unburden","prankster","375","11","510","assurance,attract,baton-pass,bite,burning-jealousy,charm,copycat,covet,crunch,dark-pulse,double-team,encore,endure,facade,fake-out,fake-tears,fire-fang,foul-play,giga-impact,grass-knot,gunk-shot,hyper-beam,hyper-voice,ice-fang,iron-tail,knock-off,lash-out,nasty-plot,night-slash,payback,play-rough,protect,psychic-fangs,psycho-cut,quick-attack,rain-dance,rest,round,screech,seed-bomb,shadow-ball,shadow-claw,skitter-smack,sleep-talk,snarl,snore,substitute,sucker-punch,sunny-day,swagger,taunt,thief,throat-chop,thunder-fang,thunder-wave,torment,trailblaze,trick,u-turn,yawn"
"512","simisage","","grass","","75","98","63","98","63","101","gluttony","overgrow","","305","11","512","acrobatics,attract,belch,bite,brick-break,bullet-seed,crunch,dig,endure,energy-ball,facade,fake-out,fling,focus-blast,giga-drain,giga-impact,grass-knot,grassy-glide,gunk-shot,helping-hand,hyper-beam,iron-tail,leaf-storm,leech-seed,low-kick,low-sweep,nasty-plot,payback,protect,recycle,rest,rock-slide,rock-tomb,round,seed-bomb,shadow-claw,sleep-talk,snore,solar-beam,solar-blade,stuff-cheeks,substitute,sunny-day,superpower,taunt,thief,throat-chop,torment,trailblaze,uproar"
"514","simisear","","fire","","75","98","63","98","63","101","gluttony","blaze","","280","10","514","acrobatics,amnesia,attract,belch,bite,blaze-kick,brick-break,burning-jealousy,crunch,dig,endure,facade,fake-out,fire-blast,fire-punch,fire-spin,flame-charge,flamethrower,flare-blitz,fling,focus-blast,giga-impact,grass-knot,gunk-shot,heat-wave,helping-hand,hyper-beam,iron-tail,low-kick,low-sweep,nasty-plot,overheat,payback,protect,recycle,rest,rock-slide,rock-tomb,round,scorching-sands,shadow-claw,sleep-talk,snore,solar-beam,stuff-cheeks,substitute,sunny-day,superpower,taunt,temper-flare,thief,throat-chop,uproar,will-o-wisp,yawn"
"516","simipour","","water","","75","98","63","98","63","101","gluttony","torrent","","290","10","516","acrobatics,aqua-ring,attract,belch,bite,blizzard,brick-break,chilling-water,crunch,dig,dive,endure,facade,fake-out,fling,flip-turn,focus-blast,giga-impact,grass-knot,gunk-shot,helping-hand,hydro-pump,hyper-beam,ice-beam,ice-punch,icy-wind,iron-tail,liquidation,low-kick,low-sweep,nasty-plot,payback,protect,rain-dance,recycle,rest,rock-slide,rock-tomb,round,scald,shadow-claw,sleep-talk,snore,stuff-cheeks,substitute,superpower,surf,taunt,thief,throat-chop,uproar,waterfall"
"530","excadrill","","ground","steel","110","135","60","50","65","88","sand-rush","sand-force","mold-breaker","404","7","530","iron-head,protect,high-horsepower,rock-slide,earthquake,fissure,aerial-ace,body-slam,brick-break,brutal-swing,bulldoze,crush-claw,curse,dig,double-edge,drill-run,earth-power,endure,facade,fling,focus-blast,giga-impact,helping-hand,horn-drill,hyper-beam,iron-defense,megahorn,metal-sound,mud-shot,mud-slap,poison-jab,rapid-spin,rest,rock-blast,rock-tomb,round,sand-tomb,sandstorm,scary-face,scorching-sands,shadow-claw,sleep-talk,sludge-bomb,smart-strike,snore,stealth-rock,steel-beam,stomping-tantrum,substitute,sunny-day,swords-dance,throat-chop,x-scissor"
"531","audino","","normal","","103","60","86","60","86","50","healer","regenerator","klutz","310","11","531","after-you,ally-switch,amnesia,attract,baby-doll-eyes,blizzard,body-slam,calm-mind,chilling-water,dazzling-gleam,dig,double-edge,drain-punch,draining-kiss,encore,endure,entrainment,facade,fire-blast,fire-punch,flamethrower,fling,giga-impact,grass-knot,heal-pulse,healing-wish,helping-hand,hyper-beam,hyper-voice,ice-beam,ice-punch,icy-wind,iron-tail,last-resort,life-dew,light-screen,low-kick,mega-kick,misty-terrain,protect,psychic,psyshock,rain-dance,reflect,rest,round,safeguard,shadow-ball,simple-beam,skill-swap,sleep-talk,snore,solar-beam,stomping-tantrum,substitute,sunny-day,surf,sweet-kiss,throat-chop,thunder,thunder-punch,thunder-wave,thunderbolt,trick-room,uproar,wild-charge,wish,yawn,zen-headbutt"
"534","conkeldurr","","fighting","","105","140","95","55","65","45","guts","sheer-force","iron-fist","870","14","534","attract,body-slam,brick-break,brutal-swing,bulk-up,bulldoze,close-combat,coaching,counter,curse,defog,detect,dig,double-edge,drain-punch,dynamic-punch,earthquake,endure,facade,fire-punch,fling,focus-blast,focus-energy,focus-punch,giga-impact,grass-knot,hammer-arm,hard-press,helping-hand,high-horsepower,hyper-beam,ice-punch,knock-off,low-kick,low-sweep,mach-punch,mega-kick,payback,poison-jab,protect,rain-dance,rest,reversal,rock-blast,rock-slide,rock-tomb,round,scary-face,sleep-talk,smack-down,snore,stomping-tantrum,stone-edge,substitute,sunny-day,superpower,taunt,thief,thunder-punch,upper-hand,wide-guard"
"547","whimsicott","","grass","fairy","60","67","85","77","75","116","prankster","infiltrator","chlorophyll","66","7","547","moonblast,tailwind,encore,protect,sunny-day,fake-tears,endeavor,light-screen,attract,beat-up,charm,cotton-guard,cotton-spore,dazzling-gleam,endure,energy-ball,facade,fling,giga-drain,giga-impact,grass-knot,grassy-glide,grassy-terrain,growth,helping-hand,hurricane,hyper-beam,leech-seed,memento,misty-terrain,play-rough,poison-powder,psychic,rest,round,safeguard,seed-bomb,shadow-ball,sleep-talk,snore,solar-beam,stun-spore,substitute,switcheroo,taunt,thief,tickle,trick-room,u-turn,worry-seed"
"553","krookodile","","ground","dark","95","117","80","65","70","92","intimidate","moxie","anger-point","963","15","553","aerial-ace,aqua-tail,assurance,beat-up,bite,body-slam,breaking-swipe,brick-break,brutal-swing,bulk-up,bulldoze,close-combat,counter,crunch,curse,dark-pulse,dig,double-edge,dragon-claw,dragon-pulse,dragon-tail,earth-power,earthquake,endeavor,endure,facade,fire-fang,fissure,fling,focus-blast,focus-energy,focus-punch,foul-play,giga-impact,grass-knot,gunk-shot,helping-hand,high-horsepower,hyper-beam,iron-head,iron-tail,knock-off,lash-out,low-kick,low-sweep,mega-kick,mud-shot,mud-slap,outrage,payback,power-trip,protect,rest,roar,rock-slide,rock-tomb,round,sand-tomb,sandstorm,scale-shot,scary-face,scorching-sands,shadow-claw,skitter-smack,sleep-talk,sludge-bomb,smack-down,snarl,snore,spite,stealth-rock,stomping-tantrum,stone-edge,substitute,superpower,swagger,taunt,thief,thrash,throat-chop,thunder-fang,torment,uproar"
"563","cofagrigus","","ghost","","58","50","145","95","105","30","mummy","","","765","17","563","ally-switch,attract,body-press,calm-mind,confuse-ray,curse,dark-pulse,destiny-bond,disable,endure,energy-ball,facade,fake-tears,giga-drain,giga-impact,grass-knot,guard-split,guard-swap,haze,hex,hyper-beam,imprison,iron-defense,mean-look,memento,nasty-plot,night-shade,payback,phantom-force,poltergeist,power-split,power-swap,protect,psychic,rain-dance,rest,round,safeguard,scary-face,self-destruct,shadow-ball,shadow-claw,shadow-punch,skill-swap,sleep-talk,snore,substitute,thief,toxic-spikes,trick,trick-room,will-o-wisp,wonder-room,zen-headbutt"
"569","garbodor","","poison","","80","95","82","60","82","75","stench","weak-armor","aftermath","1073","19","569","acid-spray,amnesia,ancient-power,attract,belch,body-press,body-slam,clear-smog,corrosive-gas,cross-poison,curse,dark-pulse,drain-punch,endure,explosion,facade,fling,focus-blast,giga-drain,giga-impact,gunk-shot,haze,hyper-beam,mud-shot,pain-split,payback,poison-jab,protect,psychic,rain-dance,recycle,rest,rock-blast,round,screech,seed-bomb,self-destruct,sleep-talk,sludge-bomb,sludge-wave,snore,solar-beam,spikes,stockpile,stomping-tantrum,substitute,sunny-day,swallow,thief,thunderbolt,toxic,toxic-spikes,venoshock"
"571","zoroark","","dark","","60","105","60","120","60","105","illusion","","","811","16","571","aerial-ace,agility,assurance,body-slam,bounce,brick-break,burning-jealousy,calm-mind,confuse-ray,counter,crunch,dark-pulse,detect,dig,encore,endure,extrasensory,facade,fake-tears,flamethrower,fling,focus-blast,foul-play,giga-impact,grass-knot,helping-hand,hex,hyper-beam,hyper-voice,imprison,knock-off,lash-out,low-kick,low-sweep,mega-kick,memento,nasty-plot,night-daze,night-shade,night-slash,pain-split,payback,protect,psych-up,psychic,rain-dance,rest,roar,round,scary-face,shadow-ball,shadow-claw,skitter-smack,sleep-talk,sludge-bomb,snarl,snore,spite,substitute,sucker-punch,sunny-day,swords-dance,taunt,thief,throat-chop,torment,toxic,trick,u-turn,uproar"
"571","zoroark-hisui","hisui","normal","ghost","60","105","60","120","60","105","illusion","","","730","16","10239","aerial-ace,agility,assurance,bitter-malice,body-slam,bounce,brick-break,burning-jealousy,calm-mind,comeuppance,confuse-ray,crunch,curse,dark-pulse,detect,dig,endure,extrasensory,facade,fake-tears,flamethrower,fling,focus-blast,focus-punch,foul-play,giga-impact,grass-knot,helping-hand,hex,hyper-beam,hyper-voice,icy-wind,imprison,knock-off,lash-out,low-kick,low-sweep,mega-kick,memento,nasty-plot,night-shade,pain-split,payback,phantom-force,poltergeist,protect,psych-up,psychic,rain-dance,rest,roar,round,scary-face,shadow-ball,shadow-claw,shadow-sneak,skitter-smack,sleep-talk,sludge-bomb,snarl,snore,snowscape,spite,substitute,swords-dance,taunt,thief,throat-chop,torment,trick,u-turn,uproar,will-o-wisp"
"579","reuniclus","","psychic","","110","65","75","125","85","30","overcoat","magic-guard","regenerator","201","10","579","acid-armor,ally-switch,attract,body-slam,calm-mind,charm,confuse-ray,drain-punch,encore,endeavor,endure,energy-ball,expanding-force,facade,fire-punch,flash-cannon,fling,focus-blast,focus-punch,future-sight,giga-impact,grass-knot,gravity,guard-swap,gyro-ball,hammer-arm,helping-hand,hyper-beam,ice-punch,imprison,iron-defense,knock-off,light-screen,night-shade,pain-split,power-swap,protect,psych-up,psychic,psychic-noise,psychic-terrain,psyshock,rain-dance,recover,reflect,rest,rock-slide,rock-tomb,round,safeguard,shadow-ball,skill-swap,sleep-talk,snore,steel-roller,stored-power,substitute,sunny-day,superpower,thunder,thunder-punch,thunder-wave,trick,trick-room,wonder-room,zen-headbutt"
"584","vanilluxe","","ice","","71","95","85","110","95","79","ice-body","snow-warning","weak-armor","575","13","584","acid-armor,ally-switch,attract,aurora-veil,avalanche,beat-up,blizzard,chilling-water,endure,explosion,facade,flash-cannon,freeze-dry,frost-breath,giga-impact,hyper-beam,hyper-voice,ice-beam,ice-shard,ice-spinner,icicle-crash,icicle-spear,icy-wind,imprison,iron-defense,light-screen,magnet-rise,mirror-coat,protect,rain-dance,rest,round,self-destruct,sheer-cold,sleep-talk,snore,snowscape,substitute,taunt,uproar,weather-ball"
"587","emolga","","electric","flying","55","75","60","75","60","103","static","motor-drive","","50","4","587","acrobatics,agility,air-slash,attract,baton-pass,charge,charge-beam,charm,covet,defog,discharge,double-team,dual-wingbeat,eerie-impulse,electro-ball,electroweb,encore,endure,energy-ball,facade,fling,helping-hand,iron-tail,light-screen,nuzzle,pounce,protect,quick-attack,rain-dance,rest,rising-voltage,roost,round,sleep-talk,snore,solar-beam,speed-swap,substitute,taunt,thunder,thunder-wave,thunderbolt,tickle,u-turn,volt-switch,wild-charge"
"609","chandelure","","ghost","fire","60","55","90","145","90","80","flash-fire","flame-body","infiltrator","343","10","609","acid-armor,burning-jealousy,calm-mind,clear-smog,confuse-ray,curse,dark-pulse,double-team,endure,energy-ball,facade,fire-blast,fire-spin,flame-charge,flamethrower,flare-blitz,giga-impact,haze,heat-wave,hex,hyper-beam,imprison,inferno,lash-out,memento,minimize,mystical-fire,night-shade,overheat,pain-split,payback,poltergeist,power-split,protect,psych-up,psychic,rest,round,safeguard,shadow-ball,skitter-smack,sleep-talk,snore,solar-beam,spite,substitute,sunny-day,taunt,temper-flare,thief,trailblaze,trick,trick-room,will-o-wisp"
"614","beartic","","ice","","95","130","80","70","80","50","snow-cloak","slush-rush","swift-swim","2600","26","614","aerial-ace,aqua-jet,assurance,avalanche,blizzard,body-press,body-slam,brick-break,bulk-up,bulldoze,charm,chilling-water,close-combat,crunch,curse,dig,dive,double-edge,earthquake,encore,endeavor,endure,facade,flail,fling,focus-blast,focus-punch,frost-breath,giga-impact,grass-knot,hard-press,heavy-slam,hyper-beam,ice-beam,ice-fang,ice-punch,icicle-crash,icicle-spear,icy-wind,liquidation,low-kick,mega-kick,mud-shot,mud-slap,night-slash,play-rough,protect,rain-dance,rest,reversal,roar,rock-slide,rock-tomb,round,scary-face,shadow-claw,sheer-cold,sleep-talk,snarl,snore,snowscape,stone-edge,substitute,superpower,surf,swagger,swords-dance,taunt,thief,thrash,throat-chop,trailblaze,water-pulse,x-scissor,yawn"
"618","stunfisk","","ground","electric","109","66","84","81","99","32","static","limber","sand-veil","110","7","618","attract,bounce,bulldoze,charge,curse,dig,discharge,earth-power,earthquake,eerie-impulse,electric-terrain,electroweb,endure,facade,fissure,flail,foul-play,lash-out,mud-shot,mud-slap,muddy-water,pain-split,payback,protect,rain-dance,reflect-type,rest,rock-slide,rock-tomb,round,sandstorm,scald,sleep-talk,sludge-bomb,sludge-wave,snore,spite,stealth-rock,stomping-tantrum,stone-edge,substitute,sucker-punch,surf,thunder,thunder-wave,thunderbolt,uproar,yawn"
"618","stunfisk-galar","galar","ground","steel","109","81","99","66","84","32","mimicry","","","205","7","10180","attract,bind,bounce,bulldoze,counter,crunch,curse,dig,earth-power,earthquake,endure,facade,fissure,flail,flash-cannon,foul-play,ice-fang,iron-defense,lash-out,metal-sound,mud-shot,mud-slap,muddy-water,pain-split,payback,protect,rain-dance,reflect-type,rest,rock-slide,rock-tomb,round,sandstorm,scald,screech,sleep-talk,sludge-bomb,sludge-wave,snap-trap,snore,spite,stealth-rock,steel-beam,stomping-tantrum,stone-edge,substitute,sucker-punch,surf,terrain-pulse,thunder-wave,uproar,yawn"
"623","golurk","","ground","ghost","89","124","80","55","80","55","iron-fist","klutz","no-guard","3300","28","623","headlong-rush,poltergeist,protect,hammer-arm,rock-slide,body-press,body-slam,brick-break,bulldoze,charge-beam,close-combat,confuse-ray,curse,dig,double-edge,drain-punch,dynamic-punch,earth-power,earthquake,endure,facade,fire-punch,flash-cannon,fling,fly,focus-blast,focus-punch,giga-impact,grass-knot,gravity,gyro-ball,hard-press,heat-crash,heavy-slam,helping-hand,hex,high-horsepower,hyper-beam,ice-beam,ice-punch,icy-wind,imprison,iron-defense,iron-head,knock-off,low-kick,low-sweep,mega-kick,mud-slap,night-shade,phantom-force,psych-up,psychic,rain-dance,reflect,rest,rock-tomb,round,sandstorm,scorching-sands,self-destruct,shadow-ball,shadow-punch,sleep-talk,smack-down,snore,solar-beam,stealth-rock,stomping-tantrum,stone-edge,substitute,sunny-day,superpower,thief,thunder-punch,thunderbolt,trick,zen-headbutt"
"635","hydreigon","","dark","dragon","92","105","90","125","90","98","levitate","","","1600","18","635","dark-pulse,draco-meteor,earth-power,protect,acrobatics,assurance,beat-up,belch,bite,body-slam,breaking-swipe,brutal-swing,bulldoze,crunch,double-hit,dragon-cheer,dragon-dance,dragon-pulse,dragon-rush,dragon-tail,dual-wingbeat,earthquake,endure,facade,fire-blast,fire-fang,fire-spin,flamethrower,flash-cannon,fly,focus-blast,focus-energy,giga-impact,head-smash,heat-wave,helping-hand,hydro-pump,hyper-beam,hyper-voice,ice-fang,iron-tail,lash-out,nasty-plot,outrage,payback,psych-up,rain-dance,reflect,rest,roar,rock-slide,rock-tomb,round,scale-shot,scary-face,screech,sleep-talk,snarl,snore,spite,stealth-rock,steel-wing,stomping-tantrum,stone-edge,substitute,sunny-day,superpower,surf,tailwind,taunt,thief,throat-chop,thunder-fang,thunder-wave,tri-attack,u-turn,uproar,zen-headbutt"
"637","volcarona","","bug","fire","85","60","65","135","105","100","flame-body","swarm","","460","16","637","heat-wave,quiver-dance,bug-buzz,giga-drain,protect,rage-powder,acrobatics,air-cutter,air-slash,amnesia,body-slam,bug-bite,calm-mind,double-edge,dual-wingbeat,endure,facade,fiery-dance,fire-blast,fire-spin,flame-charge,flamethrower,flare-blitz,fly,giga-impact,hurricane,hyper-beam,leech-life,light-screen,lunge,morning-sun,mystical-fire,overheat,poison-jab,pounce,psychic,rain-dance,rest,round,safeguard,screech,skitter-smack,sleep-talk,snore,solar-beam,string-shot,struggle-bug,substitute,sunny-day,tailwind,thrash,trailblaze,u-turn,whirlwind,wild-charge,will-o-wisp,zen-headbutt"
"652","chesnaught","","grass","fighting","88","107","122","74","75","64","overgrow","bulletproof","","900","16","652","aerial-ace,belly-drum,bite,body-press,body-slam,brick-break,bulk-up,bulldoze,bullet-seed,close-combat,coaching,crunch,curse,dig,double-edge,dragon-claw,drain-punch,earthquake,endeavor,endure,energy-ball,facade,feint,fling,focus-blast,focus-punch,frenzy-plant,giga-drain,giga-impact,grass-knot,grassy-glide,grassy-terrain,growth,gyro-ball,hammer-arm,helping-hand,high-horsepower,hyper-beam,iron-defense,iron-head,iron-tail,knock-off,leaf-storm,leech-seed,low-kick,low-sweep,mud-shot,mud-slap,pain-split,payback,pin-missile,poison-jab,protect,quick-guard,rain-dance,reflect,rest,reversal,roar,rock-slide,rock-tomb,round,scary-face,seed-bomb,shadow-claw,sleep-talk,sludge-bomb,smack-down,snore,solar-beam,spikes,spiky-shield,steel-roller,stomping-tantrum,stone-edge,substitute,sunny-day,super-fang,superpower,swords-dance,synthesis,taunt,thunder-punch,trailblaze,wide-guard,wood-hammer,zen-headbutt"
"655","delphox","","fire","psychic","75","69","72","114","100","104","blaze","magician","","390","15","655","heat-wave,psychic,protect,substitute,calm-mind,encore,grass-knot,agility,blast-burn,burning-jealousy,charm,confuse-ray,copycat,dazzling-gleam,double-team,endure,expanding-force,facade,fire-blast,fire-punch,fire-spin,flame-charge,flamethrower,flare-blitz,focus-blast,foul-play,future-sight,giga-impact,helping-hand,hex,howl,hyper-beam,hyper-voice,hypnosis,imprison,iron-tail,light-screen,low-kick,magic-room,mud-shot,mud-slap,mystical-fire,nasty-plot,night-shade,overheat,psych-up,psychic-noise,psychic-terrain,psyshock,rain-dance,reflect,rest,role-play,round,safeguard,scorching-sands,shadow-ball,skill-swap,sleep-talk,snore,solar-beam,stored-power,sunny-day,switcheroo,thief,thunder-punch,trick,trick-room,will-o-wisp,wish,wonder-room,zen-headbutt"
"658","greninja","","water","dark","72","95","67","103","71","122","torrent","protean","","400","15","658","dark-pulse,hydro-pump,ice-beam,protect,acrobatics,aerial-ace,blizzard,bounce,brick-break,brutal-swing,chilling-water,counter,dig,dive,double-team,endure,extrasensory,facade,fling,flip-turn,giga-impact,grass-knot,gunk-shot,haze,helping-hand,hydro-cannon,hyper-beam,ice-punch,icy-wind,liquidation,low-kick,low-sweep,mud-shot,mud-slap,night-slash,quick-attack,rain-dance,rest,rock-slide,rock-tomb,role-play,round,shadow-sneak,skitter-smack,sleep-talk,sludge-wave,smack-down,snore,snowscape,spikes,substitute,surf,switcheroo,swords-dance,taunt,thief,toxic-spikes,trailblaze,u-turn,upper-hand,water-pulse,water-shuriken,waterfall,weather-ball"
"660","diggersby","","normal","ground","85","56","77","50","77","78","pickup","cheek-pouch","huge-power","424","10","660","agility,attract,body-slam,bounce,brick-break,brutal-swing,bulk-up,bulldoze,dig,earth-power,earthquake,endure,facade,fire-punch,fissure,flail,fling,foul-play,giga-impact,grass-knot,gunk-shot,hammer-arm,high-horsepower,hyper-beam,ice-punch,iron-head,iron-tail,low-kick,mega-kick,mud-shot,mud-slap,payback,protect,quick-attack,rest,rock-slide,rock-tomb,round,sand-tomb,sandstorm,scorching-sands,sleep-talk,sludge-bomb,snore,spikes,stomping-tantrum,stone-edge,substitute,super-fang,superpower,surf,swords-dance,thief,thunder-punch,trailblaze,u-turn,uproar,wild-charge"
"663","talonflame","","fire","flying","78","81","71","74","69","126","flame-body","gale-wings","","245","12","663","protect,tailwind,flare-blitz,brave-bird,acrobatics,rain-dance,will-o-wisp,aerial-ace,agility,air-cutter,air-slash,blaze-kick,bulk-up,defog,double-edge,dual-wingbeat,endure,facade,feather-dance,feint,fire-blast,fire-spin,flail,flame-charge,flamethrower,fly,giga-impact,heat-wave,hurricane,hyper-beam,overheat,quick-attack,quick-guard,rest,roost,round,sky-attack,sleep-talk,snore,solar-beam,steel-wing,substitute,sunny-day,swords-dance,taunt,temper-flare,thief,u-turn,upper-hand,whirlwind"
"666","vivillon","","bug","flying","80","52","50","90","50","89","shield-dust","compound-eyes","friend-guard","170","12","666","acrobatics,air-cutter,air-slash,bug-bite,bug-buzz,calm-mind,confuse-ray,draining-kiss,endure,energy-ball,facade,giga-drain,giga-impact,hurricane,hyper-beam,iron-defense,light-screen,poison-powder,pollen-puff,pounce,protect,psychic,quiver-dance,rage-powder,rain-dance,rest,round,safeguard,skitter-smack,sleep-powder,sleep-talk,snore,solar-beam,string-shot,struggle-bug,stun-spore,substitute,sunny-day,tailwind,thief,u-turn,weather-ball,whirlwind"
"670","floette-eternal","eternal","fairy","","74","65","67","125","128","92","flower-veil","symbiosis","","9","2","10061","after-you,ally-switch,aromatherapy,attract,calm-mind,confide,covet,dazzling-gleam,double-team,echoed-voice,endeavor,energy-ball,facade,fairy-wind,flash,frustration,giga-drain,grass-knot,grassy-terrain,heal-bell,helping-hand,hidden-power,light-of-ruin,lucky-chant,magic-coat,magical-leaf,misty-terrain,moonblast,nature-power,petal-blizzard,petal-dance,protect,psychic,rain-dance,razor-leaf,rest,return,round,safeguard,secret-power,seed-bomb,sleep-talk,snore,solar-beam,substitute,sunny-day,swagger,synthesis,tackle,toxic,vine-whip,wish,worry-seed"
"671","florges","","fairy","","78","65","68","112","154","75","flower-veil","symbiosis","","100","11","671","alluring-voice,baton-pass,calm-mind,charm,chilling-water,copycat,dazzling-gleam,draining-kiss,endeavor,endure,energy-ball,facade,giga-drain,giga-impact,grass-knot,grassy-glide,grassy-terrain,helping-hand,hyper-beam,light-screen,misty-explosion,misty-terrain,moonblast,petal-blizzard,petal-dance,pollen-puff,protect,psychic,psychic-noise,rain-dance,rest,round,safeguard,seed-bomb,skill-swap,sleep-talk,snore,solar-beam,stored-power,substitute,sunny-day,synthesis,tearful-look,trailblaze,trick,wish"
"675","pangoro","","fighting","dark","95","124","78","69","71","58","iron-fist","mold-breaker","scrappy","1360","21","675","attract,beat-up,body-slam,brick-break,brutal-swing,bulk-up,bulldoze,bullet-punch,circle-throw,close-combat,coaching,comeuppance,crunch,dark-pulse,darkest-lariat,detect,dig,dragon-claw,drain-punch,earthquake,endure,entrainment,facade,fire-punch,fling,focus-blast,focus-energy,foul-play,giga-impact,grass-knot,gunk-shot,hammer-arm,headlong-rush,helping-hand,hyper-beam,hyper-voice,ice-punch,iron-head,knock-off,lash-out,low-kick,low-sweep,mega-kick,night-slash,outrage,parting-shot,payback,poison-jab,power-trip,protect,quash,quick-guard,rain-dance,rest,reversal,rock-slide,rock-tomb,round,scary-face,seismic-toss,shadow-claw,sleep-talk,sludge-bomb,snarl,snore,stomping-tantrum,stone-edge,storm-throw,substitute,sunny-day,superpower,surf,swords-dance,taunt,thief,throat-chop,thunder-punch,uproar,x-scissor,zen-headbutt"
"676","furfrou","","normal","","75","80","60","65","90","102","fur-coat","","","280","12","676","attract,baby-doll-eyes,bite,charm,cotton-guard,crunch,dark-pulse,dig,double-edge,endeavor,endure,facade,fire-fang,giga-impact,grass-knot,helping-hand,hyper-voice,ice-fang,iron-tail,last-resort,protect,psychic-fangs,rain-dance,rest,roar,round,sleep-talk,snarl,snore,substitute,sucker-punch,sunny-day,surf,thunder-fang,thunder-wave,trailblaze,u-turn,uproar,wild-charge,zen-headbutt"
"678","meowstic-male","male","psychic","","74","48","76","83","81","104","keen-eye","infiltrator","prankster","85","6","678","alluring-voice,baton-pass,calm-mind,charge-beam,charm,covet,dark-pulse,dig,endure,energy-ball,expanding-force,facade,fake-out,fake-tears,giga-impact,gravity,helping-hand,hyper-beam,imprison,iron-tail,light-screen,magic-room,mean-look,misty-terrain,nasty-plot,payback,play-rough,protect,psych-up,psychic,psychic-noise,psychic-terrain,psyshock,quick-guard,rain-dance,reflect,rest,role-play,round,safeguard,shadow-ball,skill-swap,sleep-talk,snore,stored-power,substitute,sucker-punch,sunny-day,tail-slap,thunder-wave,thunderbolt,tickle,trailblaze,trick,trick-room,wish,wonder-room,yawn,zen-headbutt"
"678","meowstic-female","female","psychic","","74","48","76","83","81","104","keen-eye","infiltrator","competitive","85","6","10025","alluring-voice,baton-pass,calm-mind,charge-beam,charm,covet,dark-pulse,dig,endure,energy-ball,expanding-force,extrasensory,facade,fake-out,fake-tears,future-sight,giga-impact,gravity,helping-hand,hyper-beam,iron-tail,light-screen,magic-room,nasty-plot,payback,play-rough,protect,psych-up,psychic,psychic-noise,psychic-terrain,psyshock,rain-dance,reflect,rest,role-play,round,safeguard,shadow-ball,skill-swap,sleep-talk,snore,stored-power,substitute,sucker-punch,sunny-day,tail-slap,thunder-wave,thunderbolt,tickle,trailblaze,trick,trick-room,wonder-room,yawn,zen-headbutt"
"681","aegislash","","steel","ghost","60","50","140","50","140","60","stance-change","","","530","17","681","flash-cannon,shadow-ball,iron-head,poltergeist,shadow-sneak,wide-guard,substitute,aerial-ace,air-slash,attract,block,brick-break,brutal-swing,close-combat,destiny-bond,double-hit,endure,facade,giga-impact,gyro-ball,head-smash,hyper-beam,iron-defense,kings-shield,metal-sound,night-slash,power-trick,protect,psycho-cut,rain-dance,reflect,rest,reversal,rock-slide,round,sacred-sword,screech,shadow-claw,sleep-talk,snore,solar-blade,steel-beam,sunny-day,swords-dance,zen-headbutt"
"683","aromatisse","","fairy","","101","72","72","99","89","29","healer","aroma-veil","","155","8","683","after-you,alluring-voice,ally-switch,aromatic-mist,attract,calm-mind,charm,dazzling-gleam,disable,drain-punch,draining-kiss,encore,endure,energy-ball,facade,fake-tears,flail,flash-cannon,giga-impact,gyro-ball,heal-pulse,helping-hand,hyper-beam,hypnosis,light-screen,misty-explosion,misty-terrain,moonblast,nasty-plot,protect,psych-up,psychic,psyshock,rain-dance,reflect,rest,round,skill-swap,sleep-talk,snore,substitute,sunny-day,sweet-kiss,sweet-scent,thunder,thunderbolt,trick-room,wish"
"685","slurpuff","","fairy","","82","80","86","85","75","72","sweet-veil","unburden","","50","8","685","after-you,amnesia,attract,calm-mind,charm,copycat,cotton-guard,cotton-spore,dazzling-gleam,drain-punch,draining-kiss,endeavor,endure,energy-ball,facade,fake-tears,flamethrower,giga-impact,helping-hand,hyper-beam,light-screen,misty-explosion,play-rough,protect,psychic,rain-dance,rest,round,safeguard,sleep-talk,snore,sticky-web,string-shot,substitute,sunny-day,surf,sweet-scent,thief,thunder,thunderbolt,wish,yawn"
"693","clawitzer","","water","","71","73","88","120","89","59","mega-launcher","","","353","13","693","aqua-jet,aqua-tail,aura-sphere,blizzard,body-slam,bounce,chilling-water,crabhammer,dark-pulse,dive,dragon-pulse,endure,entrainment,facade,flail,flash-cannon,flip-turn,focus-blast,giga-impact,heal-pulse,helping-hand,hydro-pump,hyper-beam,ice-beam,icy-wind,liquidation,mud-shot,mud-slap,muddy-water,pounce,protect,rain-dance,rest,rock-slide,round,scary-face,shadow-ball,sleep-talk,sludge-bomb,sludge-wave,smack-down,snore,substitute,surf,swords-dance,terrain-pulse,thief,u-turn,venoshock,water-pulse"
"695","heliolisk","","electric","normal","62","55","52","109","94","109","dry-skin","sand-veil","solar-power","210","10","695","agility,ally-switch,attract,breaking-swipe,brutal-swing,bulldoze,charge,charge-beam,dark-pulse,dig,discharge,dragon-pulse,dragon-rush,dragon-tail,eerie-impulse,electric-terrain,electrify,electro-ball,electroweb,endure,facade,fire-punch,focus-blast,giga-impact,glare,grass-knot,hyper-beam,hyper-voice,iron-tail,light-screen,low-kick,low-sweep,mega-kick,morning-sun,mud-slap,parabolic-charge,pounce,protect,quick-attack,rain-dance,rest,rising-voltage,rock-slide,rock-tomb,round,sandstorm,scale-shot,shed-tail,sleep-talk,snore,solar-beam,substitute,sunny-day,surf,thunder,thunder-punch,thunder-wave,thunderbolt,trailblaze,u-turn,volt-switch,weather-ball,wild-charge"
"697","tyrantrum","","rock","dragon","82","121","119","69","59","71","strong-jaw","rock-head","","2700","25","697","ancient-power,assurance,attract,bite,body-slam,breaking-swipe,brick-break,brutal-swing,bulldoze,charm,close-combat,crunch,curse,dark-pulse,dig,draco-meteor,dragon-cheer,dragon-claw,dragon-dance,dragon-pulse,dragon-tail,earth-power,earthquake,endure,facade,fire-fang,giga-impact,head-smash,high-horsepower,horn-drill,hyper-beam,hyper-voice,ice-fang,iron-defense,iron-head,iron-tail,lash-out,meteor-beam,outrage,play-rough,poison-fang,protect,psychic-fangs,rest,roar,rock-blast,rock-polish,rock-slide,rock-tomb,round,sandstorm,scale-shot,scary-face,sleep-talk,snore,stealth-rock,stomping-tantrum,stone-edge,substitute,sunny-day,superpower,thrash,thunder-fang,zen-headbutt"
"699","aurorus","","rock","ice","123","77","72","99","92","58","refrigerate","snow-warning","","2250","27","699","ancient-power,attract,aurora-veil,avalanche,blizzard,body-slam,bulldoze,calm-mind,chilling-water,dark-pulse,discharge,earth-power,earthquake,encore,endure,facade,flash-cannon,freeze-dry,giga-impact,haze,hyper-beam,hyper-voice,ice-beam,ice-spinner,icicle-spear,icy-wind,iron-defense,iron-head,iron-tail,light-screen,meteor-beam,mirror-coat,mud-shot,outrage,protect,psychic,rain-dance,reflect,rest,rock-blast,rock-slide,rock-tomb,round,safeguard,sandstorm,sleep-talk,snore,snowscape,stealth-rock,stone-edge,substitute,thunder,thunder-wave,thunderbolt,weather-ball,zen-headbutt"
"700","sylveon","","fairy","","95","65","65","110","130","60","cute-charm","pixilate","","235","10","700","hyper-voice,protect,quick-attack,shadow-ball,calm-mind,detect,yawn,alluring-voice,baby-doll-eyes,baton-pass,bite,body-slam,charm,copycat,covet,curse,dazzling-gleam,dig,double-edge,draining-kiss,endure,facade,fake-tears,flail,focus-energy,giga-impact,helping-hand,hyper-beam,last-resort,light-screen,misty-explosion,misty-terrain,moonblast,mud-slap,mystical-fire,play-rough,psych-up,psychic,psyshock,rain-dance,reflect,rest,roar,round,safeguard,skill-swap,sleep-talk,snore,stored-power,substitute,sunny-day,tickle,trailblaze,weather-ball,wish"
"701","hawlucha","","fighting","flying","78","92","75","74","63","118","limber","unburden","mold-breaker","215","8","701","dual-wingbeat,entrainment,flying-press,protect,acrobatics,aerial-ace,agility,air-slash,assurance,baton-pass,body-press,body-slam,bounce,brave-bird,brick-break,bulk-up,close-combat,coaching,cross-chop,defog,detect,dig,drain-punch,encore,endeavor,endure,facade,feather-dance,feint,fire-punch,fling,fly,focus-blast,focus-punch,giga-impact,grass-knot,helping-hand,high-jump-kick,hyper-beam,iron-head,low-kick,low-sweep,lunge,mean-look,mega-kick,payback,poison-jab,quick-guard,rain-dance,rest,reversal,rock-slide,rock-tomb,roost,round,sky-attack,sleep-talk,snore,steel-wing,stone-edge,substitute,sunny-day,superpower,swords-dance,taunt,thief,throat-chop,thunder-punch,trailblaze,u-turn,upper-hand,uproar,x-scissor,zen-headbutt"
"702","dedenne","","electric","fairy","67","58","57","81","67","101","cheek-pouch","pickup","plus","22","2","702","agility,charge,charge-beam,charm,covet,dazzling-gleam,dig,discharge,draining-kiss,eerie-impulse,electric-terrain,electro-ball,electroweb,endeavor,endure,entrainment,facade,fling,giga-impact,grass-knot,helping-hand,hyper-beam,iron-tail,light-screen,magnet-rise,misty-terrain,nuzzle,parabolic-charge,play-rough,protect,rain-dance,rest,rising-voltage,round,seed-bomb,sleep-talk,snore,substitute,sunny-day,super-fang,tearful-look,thief,thunder,thunder-punch,thunder-wave,thunderbolt,trailblaze,u-turn,volt-switch,wild-charge"
"706","goodra","","dragon","","90","100","70","110","150","80","sap-sipper","hydration","gooey","1505","20","706","acid-armor,acid-spray,aqua-tail,assurance,blizzard,body-press,body-slam,breaking-swipe,brutal-swing,bulldoze,charm,chilling-water,counter,curse,draco-meteor,dragon-cheer,dragon-claw,dragon-pulse,dragon-tail,earthquake,endure,facade,feint,fire-blast,fire-punch,flail,flamethrower,focus-blast,focus-punch,giga-drain,giga-impact,hydro-pump,hyper-beam,ice-beam,iron-tail,knock-off,life-dew,mega-kick,mud-shot,muddy-water,outrage,power-whip,protect,rain-dance,rest,rock-slide,round,scald,skitter-smack,sleep-talk,sludge-bomb,sludge-wave,snore,stomping-tantrum,substitute,sunny-day,superpower,surf,tearful-look,thunder,thunder-punch,thunderbolt,toxic,water-pulse,weather-ball"
"706","goodra-hisui","hisui","steel","dragon","80","100","100","110","150","60","sap-sipper","shell-armor","gooey","3341","17","10242","acid-spray,ancient-power,blizzard,body-press,body-slam,breaking-swipe,bulldoze,charm,chilling-water,counter,curse,draco-meteor,dragon-cheer,dragon-claw,dragon-pulse,dragon-tail,earthquake,endure,facade,feint,fire-blast,fire-punch,flail,flamethrower,flash-cannon,giga-impact,gyro-ball,heavy-slam,hydro-pump,hyper-beam,ice-beam,ice-spinner,iron-head,iron-tail,knock-off,lash-out,life-dew,mud-shot,muddy-water,outrage,protect,rain-dance,rest,rock-slide,rock-tomb,sandstorm,scary-face,shelter,skitter-smack,sleep-talk,sludge-bomb,sludge-wave,steel-beam,stomping-tantrum,substitute,sunny-day,surf,tearful-look,thunder,thunder-punch,thunderbolt,water-pulse,weather-ball"
"707","klefki","","steel","fairy","57","80","91","80","87","75","prankster","magician","","30","2","707","dazzling-gleam,light-screen,rain-dance,reflect,sunny-day,thunder-wave,calm-mind,draining-kiss,endure,facade,fairy-lock,flash-cannon,foul-play,future-sight,giga-impact,hyper-beam,imprison,iron-defense,last-resort,magic-room,magnet-rise,metal-sound,misty-terrain,play-rough,protect,psych-up,psychic,psyshock,recycle,rest,round,safeguard,sandstorm,skitter-smack,sleep-talk,snore,spikes,steel-beam,stored-power,substitute,switcheroo,thief,torment,trick-room"
"709","trevenant","","ghost","grass","85","110","76","65","82","56","natural-cure","frisk","harvest","710","15","709","ally-switch,brutal-swing,bulldoze,burning-jealousy,calm-mind,confuse-ray,curse,dark-pulse,destiny-bond,dig,disable,drain-punch,earthquake,endure,energy-ball,facade,focus-blast,forests-curse,foul-play,giga-drain,giga-impact,grass-knot,grassy-glide,grassy-terrain,growth,haze,hex,horn-leech,hyper-beam,imprison,ingrain,knock-off,lash-out,leaf-storm,leech-seed,night-shade,pain-split,phantom-force,poison-jab,poltergeist,protect,psych-up,psychic,psychic-noise,rain-dance,reflect,rest,rock-slide,round,safeguard,scary-face,seed-bomb,shadow-ball,shadow-claw,shadow-punch,skill-swap,skitter-smack,sleep-talk,snore,solar-beam,spite,substitute,sucker-punch,sunny-day,swagger,thief,toxic,trailblaze,trick,trick-room,will-o-wisp,wood-hammer,x-scissor"
"711","gourgeist","","ghost","grass","65","90","122","58","75","84","pickup","frisk","insomnia","125","9","711","ally-switch,attract,brutal-swing,bullet-seed,confuse-ray,curse,dark-pulse,destiny-bond,disable,endure,energy-ball,explosion,facade,fire-blast,flamethrower,focus-blast,foul-play,giga-drain,giga-impact,grass-knot,grassy-glide,gyro-ball,hex,hyper-beam,hypnosis,imprison,leech-seed,light-screen,moonblast,mystical-fire,nasty-plot,pain-split,phantom-force,poltergeist,power-whip,protect,psychic,rest,rock-slide,round,safeguard,scary-face,seed-bomb,self-destruct,shadow-ball,shadow-sneak,skill-swap,skitter-smack,sleep-talk,sludge-bomb,snore,solar-beam,substitute,sunny-day,thief,trick,trick-room,trick-or-treat,will-o-wisp,worry-seed"
"711","gourgeist-large","large","ghost","grass","55","85","122","58","75","99","pickup","frisk","insomnia","140","11","10031","ally-switch,astonish,attract,brutal-swing,bullet-seed,charge-beam,confide,confuse-ray,dark-pulse,double-team,dream-eater,endure,energy-ball,explosion,facade,fire-blast,flame-charge,flamethrower,flash,focus-blast,foul-play,frustration,giga-drain,giga-impact,grass-knot,grassy-glide,gyro-ball,hex,hidden-power,hyper-beam,imprison,incinerate,leech-seed,light-screen,magic-coat,moonblast,mystical-fire,nasty-plot,nature-power,pain-split,phantom-force,poltergeist,power-whip,protect,psychic,razor-leaf,rest,return,rock-slide,rock-smash,role-play,round,safeguard,scary-face,secret-power,seed-bomb,shadow-ball,shadow-sneak,skill-swap,skitter-smack,sleep-talk,sludge-bomb,snore,solar-beam,spite,substitute,sunny-day,swagger,synthesis,telekinesis,thief,toxic,trick,trick-room,trick-or-treat,will-o-wisp,worry-seed"
"711","gourgeist-small","small","ghost","grass","75","95","122","58","75","69","pickup","frisk","insomnia","95","7","10030","ally-switch,astonish,attract,brutal-swing,bullet-seed,charge-beam,confide,confuse-ray,dark-pulse,double-team,dream-eater,endure,energy-ball,explosion,facade,fire-blast,flame-charge,flamethrower,flash,focus-blast,foul-play,frustration,giga-drain,giga-impact,grass-knot,grassy-glide,gyro-ball,hex,hidden-power,hyper-beam,imprison,incinerate,leech-seed,light-screen,magic-coat,moonblast,mystical-fire,nasty-plot,nature-power,pain-split,phantom-force,poltergeist,power-whip,protect,psychic,razor-leaf,rest,return,rock-slide,rock-smash,role-play,round,safeguard,scary-face,secret-power,seed-bomb,shadow-ball,shadow-sneak,skill-swap,skitter-smack,sleep-talk,sludge-bomb,snore,solar-beam,spite,substitute,sunny-day,swagger,synthesis,telekinesis,thief,toxic,trick,trick-room,trick-or-treat,will-o-wisp,worry-seed"
"711","gourgeist-super","super","ghost","grass","85","100","122","58","75","54","pickup","frisk","insomnia","390","17","10032","ally-switch,astonish,attract,brutal-swing,bullet-seed,charge-beam,confide,confuse-ray,dark-pulse,double-team,dream-eater,endure,energy-ball,explosion,facade,fire-blast,flame-charge,flamethrower,flash,focus-blast,foul-play,frustration,giga-drain,giga-impact,grass-knot,grassy-glide,gyro-ball,hex,hidden-power,hyper-beam,imprison,incinerate,leech-seed,light-screen,magic-coat,moonblast,mystical-fire,nasty-plot,nature-power,pain-split,phantom-force,poltergeist,power-whip,protect,psychic,razor-leaf,rest,return,rock-slide,rock-smash,role-play,round,safeguard,scary-face,secret-power,seed-bomb,shadow-ball,shadow-sneak,skill-swap,skitter-smack,sleep-talk,sludge-bomb,snore,solar-beam,spite,substitute,sunny-day,swagger,synthesis,telekinesis,thief,toxic,trick,trick-room,trick-or-treat,will-o-wisp,worry-seed"
"713","avalugg","","ice","","95","117","184","44","46","28","own-tempo","ice-body","sturdy","5050","20","713","aurora-veil,avalanche,bite,blizzard,body-press,body-slam,bulldoze,chilling-water,crunch,curse,double-edge,earthquake,endure,facade,flash-cannon,frost-breath,giga-impact,gyro-ball,heavy-slam,high-horsepower,hydro-pump,hyper-beam,ice-beam,ice-fang,ice-spinner,icicle-crash,icicle-spear,icy-wind,iron-defense,iron-head,mirror-coat,protect,rain-dance,rapid-spin,recover,rest,rock-slide,rock-tomb,round,scary-face,sleep-talk,snore,snowscape,stomping-tantrum,stone-edge,substitute,superpower,surf,wide-guard"
"713","avalugg-hisui","hisui","ice","rock","95","127","184","34","36","38","strong-jaw","ice-body","sturdy","2624","14","10243","ancient-power,aurora-veil,avalanche,bite,blizzard,body-press,body-slam,bulldoze,chilling-water,crunch,curse,dig,double-edge,earthquake,endure,facade,giga-impact,gyro-ball,hard-press,heavy-slam,high-horsepower,hyper-beam,ice-beam,ice-fang,ice-spinner,icicle-spear,icy-wind,iron-defense,iron-head,meteor-beam,mirror-coat,mountain-gale,protect,rain-dance,rapid-spin,recover,rest,rock-blast,rock-slide,rock-tomb,sandstorm,scary-face,sleep-talk,snowscape,stealth-rock,stomping-tantrum,stone-edge,substitute,wide-guard"
"715","noivern","","flying","dragon","85","70","80","97","80","123","frisk","infiltrator","telepathy","850","15","715","acrobatics,aerial-ace,agility,air-cutter,air-slash,bite,body-slam,boomburst,breaking-swipe,brick-break,dark-pulse,defog,double-team,double-edge,draco-meteor,dragon-cheer,dragon-claw,dragon-dance,dragon-pulse,dragon-rush,dual-wingbeat,endure,facade,flamethrower,fly,focus-blast,giga-impact,heat-wave,hurricane,hyper-beam,hyper-voice,iron-tail,leech-life,moonlight,outrage,protect,psychic,psychic-noise,rest,roost,round,scary-face,screech,shadow-ball,shadow-claw,sky-attack,sleep-talk,snore,solar-beam,steel-wing,substitute,sunny-day,super-fang,switcheroo,tailwind,taunt,thief,u-turn,uproar,water-pulse,whirlwind,wild-charge,x-scissor"
"724","decidueye","","grass","ghost","78","107","75","100","100","70","overgrow","long-reach","","366","16","724","acrobatics,aerial-ace,air-cutter,air-slash,baton-pass,brave-bird,bullet-seed,confuse-ray,curse,defog,double-team,dual-wingbeat,endure,energy-ball,facade,feather-dance,frenzy-plant,giga-drain,giga-impact,grass-knot,grassy-glide,grassy-terrain,haze,helping-hand,hex,hurricane,hyper-beam,imprison,knock-off,leaf-blade,leaf-storm,light-screen,low-kick,low-sweep,nasty-plot,night-shade,phantom-force,pluck,poltergeist,protect,psycho-cut,rain-dance,rest,roost,round,seed-bomb,shadow-ball,shadow-claw,shadow-sneak,skitter-smack,sleep-talk,smack-down,snore,solar-beam,solar-blade,spirit-shackle,spite,steel-wing,substitute,sucker-punch,sunny-day,swords-dance,synthesis,tailwind,trailblaze,u-turn"
"724","decidueye-hisui","hisui","grass","fighting","88","112","80","95","95","60","overgrow","scrappy","","370","16","10244","aerial-ace,air-cutter,air-slash,aura-sphere,baton-pass,brave-bird,brick-break,bulk-up,bullet-seed,close-combat,coaching,confuse-ray,defog,double-team,dual-wingbeat,endure,energy-ball,facade,feather-dance,focus-blast,focus-punch,frenzy-plant,giga-drain,giga-impact,grass-knot,grassy-glide,grassy-terrain,haze,helping-hand,hyper-beam,knock-off,leaf-blade,leaf-storm,light-screen,low-kick,low-sweep,nasty-plot,night-shade,pluck,protect,rain-dance,rest,reversal,rock-tomb,roost,round,scary-face,seed-bomb,shadow-claw,shadow-sneak,sleep-talk,smack-down,snore,solar-beam,steel-wing,substitute,sucker-punch,sunny-day,swords-dance,synthesis,tailwind,taunt,trailblaze,triple-arrows,u-turn,upper-hand"
"727","incineroar","","fire","dark","95","115","90","80","90","60","blaze","intimidate","","830","18","727","parting-shot,fake-out,flare-blitz,throat-chop,darkest-lariat,protect,helping-hand,snarl,will-o-wisp,assurance,close-combat,facade,low-kick,taunt,acrobatics,aerial-ace,attract,baton-pass,bite,blast-burn,blaze-kick,body-slam,brick-break,brutal-swing,bulk-up,bulldoze,burning-jealousy,cross-chop,crunch,dark-pulse,double-edge,drain-punch,earthquake,endeavor,endure,fire-blast,fire-fang,fire-punch,fire-spin,flame-charge,flamethrower,fling,focus-blast,focus-punch,giga-impact,heat-crash,heat-wave,hyper-beam,iron-head,lash-out,leech-life,low-sweep,mega-kick,nasty-plot,outrage,overheat,power-trip,rest,reversal,roar,round,scary-face,scorching-sands,shadow-claw,sleep-talk,snore,stomping-tantrum,substitute,sunny-day,superpower,swagger,swords-dance,temper-flare,thief,thrash,thunder-punch,trailblaze"
"730","primarina","","water","fairy","80","74","74","126","116","60","torrent","liquid-voice","","440","18","730","hyper-voice,protect,moonblast,calm-mind,dazzling-gleam,draining-kiss,icy-wind,life-dew,substitute,acrobatics,alluring-voice,amnesia,aqua-jet,aqua-ring,attract,baby-doll-eyes,blizzard,body-slam,charm,chilling-water,dive,encore,endure,energy-ball,facade,flip-turn,giga-impact,haze,helping-hand,hydro-cannon,hydro-pump,hyper-beam,ice-beam,ice-spinner,iron-tail,light-screen,liquidation,misty-explosion,misty-terrain,perish-song,play-rough,psych-up,psychic,psychic-noise,rain-dance,reflect,rest,round,shadow-ball,sing,sleep-talk,snore,snowscape,sparkling-aria,stored-power,surf,triple-axel,uproar,water-pulse,waterfall,weather-ball,whirlpool,wonder-room"
"733","toucannon","","normal","flying","80","120","75","75","75","60","keen-eye","skill-link","sheer-force","260","11","733","acrobatics,aerial-ace,air-cutter,air-slash,attract,beak-blast,boomburst,brave-bird,brick-break,bullet-seed,drill-peck,dual-wingbeat,encore,endeavor,endure,facade,feather-dance,flame-charge,flash-cannon,fly,giga-impact,gunk-shot,heat-wave,helping-hand,hurricane,hyper-beam,hyper-voice,knock-off,overheat,pluck,protect,psych-up,rest,rock-blast,roost,round,scary-face,screech,seed-bomb,sky-attack,sleep-talk,smack-down,snore,steel-wing,substitute,sunny-day,swords-dance,tailwind,temper-flare,thief,throat-chop,u-turn,uproar"
"740","crabominable","","fighting","ice","97","132","77","62","67","43","hyper-cutter","iron-fist","anger-point","1800","17","740","amnesia,avalanche,blizzard,body-press,body-slam,brick-break,brutal-swing,bulk-up,bulldoze,chilling-water,close-combat,coaching,crabhammer,dig,drain-punch,dynamic-punch,earthquake,endeavor,endure,facade,fling,focus-blast,focus-punch,giga-impact,gunk-shot,hard-press,helping-hand,hyper-beam,ice-beam,ice-hammer,ice-punch,ice-spinner,icicle-spear,icy-wind,iron-defense,iron-head,knock-off,liquidation,mach-punch,mud-shot,mud-slap,payback,protect,rain-dance,rest,reversal,rock-slide,rock-tomb,round,scary-face,sleep-talk,snore,snowscape,stomping-tantrum,substitute,sunny-day,superpower,swagger,thief,thunder-punch,upper-hand,wide-guard,zen-headbutt"
"745","lycanroc","","rock","","75","115","65","55","65","112","keen-eye","sand-rush","steadfast","250","8","745","accelerock,agility,assurance,bite,body-slam,brick-break,bulk-up,bulldoze,charm,close-combat,counter,crunch,crush-claw,dig,double-team,double-edge,drill-run,earth-power,endeavor,endure,facade,fire-fang,fire-punch,fling,focus-energy,focus-punch,foul-play,giga-impact,helping-hand,howl,hyper-voice,iron-defense,iron-head,iron-tail,knock-off,lash-out,last-resort,low-sweep,mega-kick,mud-slap,outrage,payback,play-rough,protect,psychic-fangs,quick-attack,quick-guard,rest,reversal,roar,rock-blast,rock-slide,rock-tomb,round,sandstorm,scary-face,shadow-claw,sleep-talk,snarl,snore,stealth-rock,stomping-tantrum,stone-edge,substitute,sucker-punch,sunny-day,swords-dance,tail-slap,taunt,thrash,throat-chop,thunder-fang,thunder-punch,trailblaze,upper-hand,uproar,zen-headbutt"
"745","lycanroc-dusk","dusk","rock","","85","115","75","55","75","82","keen-eye","vital-spirit","no-guard","250","8","10152","accelerock,bite,body-slam,brick-break,bulk-up,bulldoze,charm,close-combat,counter,crunch,crush-claw,dig,double-team,double-edge,drill-run,earth-power,endeavor,endure,facade,fire-fang,focus-energy,giga-impact,helping-hand,howl,hyper-voice,iron-defense,iron-head,iron-tail,last-resort,mud-slap,outrage,play-rough,protect,psychic-fangs,quick-attack,quick-guard,rest,reversal,roar,rock-blast,rock-slide,rock-tomb,round,sandstorm,scary-face,sleep-talk,snarl,snore,stealth-rock,stomping-tantrum,stone-edge,sucker-punch,swords-dance,tail-slap,taunt,thrash,throat-chop,thunder-fang,trailblaze,zen-headbutt"
"745","lycanroc-midnight","midnight","rock","","75","117","65","55","65","110","tough-claws","","","250","11","10126","bite,body-slam,brick-break,bulk-up,bulldoze,charm,close-combat,counter,crunch,dig,double-team,double-edge,earth-power,endeavor,endure,facade,fire-fang,fire-punch,fling,focus-punch,foul-play,giga-impact,helping-hand,howl,hyper-voice,iron-defense,iron-head,iron-tail,knock-off,lash-out,last-resort,low-sweep,mega-kick,mud-slap,outrage,payback,play-rough,protect,psychic-fangs,rest,reversal,roar,rock-blast,rock-slide,rock-tomb,round,sandstorm,scary-face,shadow-claw,sleep-talk,snarl,snore,stealth-rock,stomping-tantrum,stone-edge,substitute,sucker-punch,sunny-day,swords-dance,taunt,thrash,throat-chop,thunder-fang,thunder-punch,trailblaze,upper-hand,uproar,zen-headbutt"
"748","toxapex","","poison","water","50","63","152","53","142","35","merciless","limber","regenerator","145","7","748","acid-spray,baneful-bunker,bite,blizzard,body-slam,chilling-water,cross-poison,endure,facade,giga-impact,gunk-shot,haze,hex,hydro-pump,hyper-beam,ice-beam,ice-spinner,icy-wind,infestation,iron-defense,light-screen,liquidation,lunge,mud-shot,muddy-water,pain-split,payback,pin-missile,poison-jab,pounce,protect,rain-dance,recover,rest,round,scary-face,sleep-talk,sludge-bomb,sludge-wave,smack-down,snore,spit-up,stockpile,substitute,surf,swallow,toxic,toxic-spikes,venoshock,water-pulse,wide-guard"
"750","mudsdale","","ground","","100","125","100","55","85","35","own-tempo","stamina","inner-focus","9200","25","750","body-press,body-slam,bulldoze,close-combat,counter,curse,double-edge,earth-power,earthquake,endeavor,endure,facade,fissure,focus-blast,giga-impact,heavy-slam,high-horsepower,hyper-beam,iron-defense,iron-head,lash-out,low-kick,low-sweep,mega-kick,mud-shot,mud-slap,payback,protect,rest,roar,rock-slide,rock-tomb,round,sand-tomb,sandstorm,scary-face,sleep-talk,smack-down,snore,stealth-rock,stomping-tantrum,stone-edge,substitute,sunny-day,superpower"
"752","araquanid","","water","bug","68","70","92","50","132","42","water-bubble","water-absorb","","820","18","752","aqua-ring,attract,bite,blizzard,body-slam,bug-bite,bug-buzz,chilling-water,crunch,dive,endeavor,endure,entrainment,facade,giga-drain,giga-impact,hydro-pump,hyper-beam,ice-beam,icy-wind,infestation,iron-defense,leech-life,liquidation,lunge,magic-room,mirror-coat,poison-jab,pounce,power-split,protect,rain-dance,reflect,rest,round,scary-face,skitter-smack,sleep-talk,snore,soak,spit-up,sticky-web,stockpile,substitute,surf,trailblaze,water-pulse,waterfall,wide-guard,wonder-room,x-scissor"
"758","salazzle","","poison","fire","68","64","60","111","60","117","corrosion","oblivious","","222","12","758","acid-spray,acrobatics,agility,beat-up,belch,body-slam,breaking-swipe,burning-jealousy,corrosive-gas,cross-poison,disable,dragon-cheer,dragon-claw,dragon-dance,dragon-pulse,dragon-tail,encore,endeavor,endure,facade,fake-out,fake-tears,fire-blast,fire-fang,fire-lash,flame-charge,flamethrower,flare-blitz,fling,foul-play,giga-impact,gunk-shot,heat-wave,helping-hand,hyper-beam,hyper-voice,iron-tail,knock-off,leech-life,mud-slap,nasty-plot,overheat,payback,poison-fang,poison-jab,protect,rest,round,scale-shot,scary-face,shadow-claw,skitter-smack,sleep-talk,sludge-bomb,sludge-wave,snore,substitute,sunny-day,swagger,sweet-scent,taunt,temper-flare,thief,thunder-wave,torment,toxic,toxic-spikes,trailblaze,venoshock,will-o-wisp"
"763","tsareena","","grass","","72","120","98","50","98","72","leaf-guard","queenly-majesty","sweet-veil","214","12","763","helping-hand,power-whip,protect,high-jump-kick,knock-off,low-kick,trop-kick,u-turn,zen-headbutt,acrobatics,acupressure,aromatic-mist,bounce,bullet-seed,charm,dazzling-gleam,draining-kiss,endeavor,endure,energy-ball,facade,flail,fling,giga-drain,giga-impact,grass-knot,grassy-glide,grassy-terrain,hyper-beam,leaf-storm,light-screen,low-sweep,mega-kick,payback,petal-blizzard,play-rough,rapid-spin,reflect,rest,round,seed-bomb,sleep-talk,snore,solar-beam,solar-blade,substitute,sunny-day,swagger,sweet-scent,synthesis,taunt,teeter-dance,trailblaze,triple-axel"
"765","oranguru","","normal","psychic","90","60","80","90","110","60","inner-focus","telepathy","symbiosis","760","15","765","after-you,body-slam,brick-break,bulldoze,calm-mind,charge-beam,chilling-water,earthquake,encore,endeavor,endure,energy-ball,expanding-force,extrasensory,facade,fling,focus-blast,foul-play,future-sight,giga-impact,gravity,hyper-beam,hyper-voice,imprison,instruct,knock-off,last-resort,light-screen,magic-room,mega-kick,nasty-plot,pain-split,payback,protect,psych-up,psychic,psychic-noise,psychic-terrain,psyshock,quash,rain-dance,reflect,rest,rock-slide,round,safeguard,scary-face,shadow-ball,skill-swap,sleep-talk,snore,stored-power,substitute,sunny-day,taunt,terrain-pulse,thunder,thunderbolt,trailblaze,trick,trick-room,wonder-room,yawn,zen-headbutt"
"766","passimian","","fighting","","100","120","90","40","60","80","receiver","defiant","","828","20","766","acrobatics,assurance,baton-pass,beat-up,body-slam,brick-break,brutal-swing,bulk-up,bulldoze,chilling-water,close-combat,coaching,counter,curse,double-edge,drain-punch,earthquake,electroweb,endure,energy-ball,facade,feint,fling,focus-blast,focus-energy,focus-punch,giga-impact,grass-knot,gunk-shot,gyro-ball,hyper-beam,iron-head,iron-tail,knock-off,low-kick,low-sweep,mega-kick,pain-split,payback,protect,quick-attack,quick-guard,rain-dance,rest,reversal,rock-slide,rock-tomb,round,scary-face,seed-bomb,seismic-toss,shadow-ball,sleep-talk,smack-down,snore,substitute,sunny-day,superpower,taunt,thief,thrash,trailblaze,u-turn,upper-hand,uproar,vacuum-wave"
"778","mimikyu","","ghost","fairy","55","90","80","50","105","96","disguise","","","7","2","778","play-rough,trick-room,curse,protect,shadow-claw,shadow-sneak,baby-doll-eyes,beat-up,bulk-up,burning-jealousy,charm,confuse-ray,copycat,dark-pulse,dazzling-gleam,destiny-bond,double-team,drain-punch,draining-kiss,endure,facade,fling,giga-drain,giga-impact,hex,hyper-beam,leech-life,light-screen,magic-room,misty-terrain,night-shade,night-slash,pain-split,payback,phantom-force,pounce,psych-up,psychic,rain-dance,rest,round,safeguard,screech,shadow-ball,sleep-talk,snore,spite,substitute,sunny-day,swords-dance,taunt,thief,thunder,thunder-wave,thunderbolt,trailblaze,trick,will-o-wisp,wood-hammer,x-scissor"
"780","drampa","","normal","dragon","78","60","85","135","91","36","berserk","sap-sipper","cloud-nine","1850","30","780","dragon-pulse,hyper-voice,protect,roost,amnesia,attract,blizzard,body-slam,breaking-swipe,bulldoze,calm-mind,draco-meteor,dragon-cheer,dragon-claw,dragon-dance,dragon-rush,earth-power,earthquake,endure,energy-ball,extrasensory,facade,fire-blast,flamethrower,fling,fly,focus-blast,giga-impact,glare,grass-knot,heat-wave,helping-hand,hurricane,hydro-pump,hyper-beam,ice-beam,icy-wind,lash-out,light-screen,outrage,play-rough,rain-dance,rest,rock-slide,round,safeguard,scale-shot,shadow-ball,shadow-claw,sleep-talk,snarl,snore,solar-beam,steel-wing,stomping-tantrum,substitute,sunny-day,superpower,surf,thunder,thunder-wave,thunderbolt,tickle,tri-attack,uproar,whirlwind"
"784","kommo-o","","dragon","fighting","75","110","125","100","105","85","bulletproof","soundproof","overcoat","782","16","784","protect,aura-sphere,clanging-scales,clangorous-soul,draco-meteor,body-press,flamethrower,iron-defense,aerial-ace,attract,belly-drum,body-slam,boomburst,breaking-swipe,brick-break,brutal-swing,bulk-up,bulldoze,close-combat,coaching,counter,double-edge,dragon-cheer,dragon-claw,dragon-dance,dragon-pulse,dragon-tail,drain-punch,earthquake,endeavor,endure,facade,fire-punch,flash-cannon,fling,focus-blast,focus-punch,giga-impact,helping-hand,hyper-beam,hyper-voice,ice-punch,iron-head,iron-tail,low-kick,mega-kick,metal-sound,noble-roar,outrage,payback,poison-jab,rain-dance,rest,reversal,roar,rock-slide,rock-tomb,round,sandstorm,scale-shot,scary-face,screech,shadow-claw,sleep-talk,snore,stealth-rock,stomping-tantrum,substitute,sunny-day,superpower,swords-dance,taunt,throat-chop,thunder-punch,upper-hand,uproar,vacuum-wave,x-scissor"
"823","corviknight","","flying","steel","98","87","105","53","85","67","pressure","unnerve","mirror-armor","750","22","823","body-press,tailwind,iron-defense,iron-head,brave-bird,roost,protect,taunt,aerial-ace,agility,air-cutter,air-slash,assurance,body-slam,bulk-up,curse,defog,double-edge,drill-peck,dual-wingbeat,endure,facade,fake-tears,feather-dance,flash-cannon,fly,focus-energy,giga-impact,heavy-slam,hurricane,hyper-beam,light-screen,metal-sound,nasty-plot,payback,pluck,power-trip,rain-dance,reflect,rest,reversal,round,scary-face,screech,sky-attack,sleep-talk,snore,spite,steel-beam,steel-wing,substitute,sunny-day,swagger,thief,u-turn"
"841","flapple","","grass","dragon","70","110","80","95","60","70","ripen","gluttony","hustle","10","3","841","acid-spray,acrobatics,aerial-ace,air-slash,bullet-seed,draco-meteor,dragon-dance,dragon-pulse,dragon-rush,dual-wingbeat,endeavor,endure,energy-ball,facade,fly,focus-energy,giga-drain,giga-impact,grass-knot,grassy-glide,grassy-terrain,grav-apple,growth,heavy-slam,hyper-beam,iron-defense,leaf-storm,leech-seed,outrage,pounce,protect,recycle,rest,round,scary-face,seed-bomb,sleep-talk,snore,solar-beam,substitute,sucker-punch,sunny-day,trailblaze,u-turn"
"842","appletun","","grass","dragon","110","85","80","100","80","30","ripen","gluttony","thick-fat","130","4","842","amnesia,apple-acid,body-press,body-slam,bulldoze,bullet-seed,curse,draco-meteor,dragon-pulse,dragon-tail,earthquake,endure,energy-ball,facade,giga-drain,giga-impact,grass-knot,grassy-glide,grassy-terrain,growth,gyro-ball,heavy-slam,helping-hand,high-horsepower,hyper-beam,iron-defense,iron-head,leaf-storm,leech-seed,light-screen,outrage,pounce,protect,rain-dance,recover,recycle,reflect,rest,round,seed-bomb,sleep-talk,snore,solar-beam,stomping-tantrum,substitute,sucker-punch,sunny-day,superpower,sweet-scent,trailblaze,zen-headbutt"
"844","sandaconda","","ground","","72","107","125","65","70","71","sand-spit","shed-skin","sand-veil","655","38","844","belch,body-press,body-slam,brutal-swing,bulldoze,coil,dig,dragon-rush,drill-run,earth-power,earthquake,endeavor,endure,facade,fire-fang,giga-impact,glare,high-horsepower,hurricane,hyper-beam,iron-defense,iron-head,last-resort,minimize,mud-shot,mud-slap,outrage,protect,rest,rock-blast,rock-slide,rock-tomb,round,sand-tomb,sandstorm,scale-shot,scary-face,scorching-sands,screech,skitter-smack,sleep-talk,snore,stealth-rock,stone-edge,substitute,thunder-fang,wrap,zen-headbutt"
"855","polteageist","","ghost","","60","65","65","134","114","70","weak-armor","cursed-body","","4","2","855","ally-switch,aromatic-mist,baton-pass,calm-mind,confuse-ray,curse,dark-pulse,endure,facade,foul-play,giga-drain,giga-impact,hex,hyper-beam,imprison,light-screen,memento,nasty-plot,night-shade,pain-split,payback,phantom-force,poltergeist,protect,psychic,psyshock,reflect,rest,round,self-destruct,shadow-ball,shell-smash,skill-swap,sleep-talk,snore,spite,stored-power,strength-sap,substitute,sucker-punch,sweet-scent,teatime,trick,trick-room,will-o-wisp,wonder-room"
"858","hatterene","","psychic","fairy","57","90","95","136","103","29","healer","anticipation","magic-bounce","51","21","858","dazzling-gleam,protect,psychic,trick-room,after-you,agility,aromatic-mist,baton-pass,brutal-swing,calm-mind,charm,dark-pulse,draining-kiss,endure,expanding-force,facade,future-sight,giga-drain,giga-impact,gravity,guard-swap,heal-pulse,healing-wish,helping-hand,hyper-beam,imprison,life-dew,light-screen,magic-powder,magic-room,misty-explosion,misty-terrain,mystical-fire,nuzzle,pain-split,play-rough,power-swap,power-whip,psych-up,psychic-noise,psychic-terrain,psycho-cut,psyshock,quash,reflect,rest,round,safeguard,shadow-ball,shadow-claw,skill-swap,sleep-talk,snore,stored-power,substitute,swords-dance,thunder-wave,wonder-room"
"866","mr-rime","","ice","psychic","80","85","75","110","100","70","tangled-feet","screen-cleaner","ice-body","582","15","866","after-you,ally-switch,attract,avalanche,baton-pass,blizzard,block,body-slam,brick-break,calm-mind,charm,chilling-water,confuse-ray,copycat,dazzling-gleam,drain-punch,encore,endure,energy-ball,expanding-force,facade,fake-out,fake-tears,fling,focus-blast,foul-play,freeze-dry,frost-breath,future-sight,giga-impact,grass-knot,guard-swap,haze,helping-hand,hyper-beam,hypnosis,ice-beam,ice-punch,ice-shard,ice-spinner,icicle-spear,icy-wind,iron-defense,light-screen,magic-room,mega-kick,mirror-coat,misty-terrain,nasty-plot,payback,power-split,power-swap,protect,psychic,psychic-terrain,psyshock,rain-dance,rapid-spin,recycle,reflect,rest,role-play,round,safeguard,screech,shadow-ball,sheer-cold,skill-swap,slack-off,sleep-talk,snore,snowscape,solar-beam,stomping-tantrum,stored-power,substitute,sucker-punch,sunny-day,swagger,taunt,teeter-dance,thief,thunder,thunder-wave,thunderbolt,tickle,torment,trick,trick-room,triple-axel,uproar,wonder-room,zen-headbutt"
"867","runerigus","","ground","ghost","58","95","145","50","105","30","wandering-spirit","","","666","16","867","ally-switch,amnesia,attract,body-press,brutal-swing,bulldoze,calm-mind,confuse-ray,curse,dark-pulse,destiny-bond,disable,dragon-pulse,earth-power,earthquake,endure,energy-ball,facade,fake-tears,giga-drain,giga-impact,grass-knot,guard-split,guard-swap,haze,hex,hyper-beam,imprison,iron-defense,mean-look,memento,nasty-plot,night-shade,payback,phantom-force,poltergeist,power-split,power-swap,protect,psychic,psyshock,rain-dance,rest,rock-blast,rock-slide,rock-tomb,round,safeguard,sand-tomb,sandstorm,scary-face,self-destruct,shadow-ball,shadow-claw,shadow-punch,skill-swap,sleep-talk,snore,stealth-rock,stone-edge,substitute,taunt,thief,toxic-spikes,trick,trick-room,will-o-wisp,wonder-room,zen-headbutt"
"869","alcremie","","fairy","","65","60","75","110","121","64","sweet-veil","aroma-veil","","5","3","869","acid-armor,alluring-voice,aromatic-mist,attract,baby-doll-eyes,calm-mind,charm,dazzling-gleam,decorate,drain-punch,draining-kiss,encore,endeavor,endure,energy-ball,entrainment,facade,fake-tears,fling,giga-drain,giga-impact,helping-hand,hyper-beam,imprison,last-resort,light-screen,magic-room,misty-explosion,misty-terrain,mystical-fire,pain-split,play-rough,protect,psych-up,psychic,psyshock,recover,rest,round,safeguard,sleep-talk,snore,solar-beam,stored-power,substitute,sweet-kiss,sweet-scent,tri-attack,wonder-room"
"877","morpeko","","electric","dark","58","95","58","70","58","97","hunger-switch","","","30","3","877","agility,assurance,aura-wheel,baton-pass,bite,brick-break,bullet-seed,charge,charge-beam,crunch,dark-pulse,double-edge,eerie-impulse,electric-terrain,electro-ball,endeavor,endure,facade,fake-out,fake-tears,fire-fang,flatter,fling,foul-play,ice-fang,knock-off,lash-out,nasty-plot,outrage,parting-shot,payback,power-trip,protect,psychic-fangs,quash,quick-attack,rapid-spin,rest,reversal,rising-voltage,round,scary-face,seed-bomb,sleep-talk,snarl,snore,spite,stomping-tantrum,substitute,super-fang,swagger,taunt,thief,thrash,thunder,thunder-fang,thunder-punch,thunder-wave,thunderbolt,tickle,torment,uproar,volt-switch,wild-charge"
"887","dragapult","","dragon","ghost","88","120","75","100","75","142","clear-body","infiltrator","cursed-body","500","30","887","draco-meteor,dragon-darts,outrage,phantom-force,protect,shadow-ball,thunder-wave,u-turn,dragon-dance,hex,light-screen,reflect,thunderbolt,will-o-wisp,acrobatics,agility,assurance,baton-pass,beat-up,bite,body-slam,breaking-swipe,confuse-ray,curse,disable,dive,double-hit,double-team,double-edge,dragon-cheer,dragon-claw,dragon-pulse,dragon-rush,dragon-tail,endure,facade,fire-blast,flamethrower,fly,giga-impact,helping-hand,hydro-pump,hyper-beam,infestation,last-resort,lock-on,night-shade,pounce,psychic-fangs,quick-attack,rest,round,sleep-talk,snore,solar-beam,steel-wing,substitute,sucker-punch,sunny-day,surf,thief,thunder,tri-attack"
"899","wyrdeer","","normal","psychic","103","105","72","105","75","65","intimidate","frisk","sap-sipper","951","18","899","agility,bite,body-slam,bulldoze,calm-mind,charge-beam,confuse-ray,curse,dig,disable,double-edge,earth-power,earthquake,endure,energy-ball,expanding-force,extrasensory,facade,future-sight,giga-impact,gravity,helping-hand,high-horsepower,hyper-beam,hypnosis,imprison,light-screen,lunge,megahorn,protect,psych-up,psychic,psychic-noise,psyshield-bash,psyshock,rain-dance,reflect,rest,roar,role-play,scary-face,shadow-ball,skill-swap,sleep-talk,solar-beam,spite,stored-power,substitute,sunny-day,thief,thrash,throat-chop,thunder,thunder-wave,thunderbolt,trailblaze,trick,trick-room,uproar,wild-charge,zen-headbutt"
"900","kleavor","","bug","rock","70","130","95","45","75","85","swarm","sheer-force","sharpness","890","18","900","aerial-ace,night-slash,stone-axe,u-turn,acrobatics,agility,air-cutter,air-slash,ancient-power,baton-pass,brick-break,brutal-swing,bug-bite,bug-buzz,close-combat,counter,defog,double-hit,double-team,double-edge,dual-wingbeat,endure,facade,feint,focus-energy,giga-impact,helping-hand,hyper-beam,light-screen,lunge,pounce,protect,quick-attack,quick-guard,rain-dance,rest,reversal,rock-blast,rock-slide,rock-tomb,sandstorm,scary-face,skitter-smack,sleep-talk,smack-down,stealth-rock,stone-edge,struggle-bug,substitute,sunny-day,swords-dance,tailwind,thief,trailblaze,vacuum-wave,x-scissor"
"902","basculegion-male","male","water","ghost","120","112","65","80","75","78","swift-swim","adaptability","mold-breaker","1100","30","902","agility,aqua-jet,bite,blizzard,chilling-water,confuse-ray,crunch,double-edge,endeavor,endure,facade,flail,flip-turn,giga-impact,head-smash,hex,hydro-pump,hyper-beam,ice-beam,ice-fang,icy-wind,last-respects,liquidation,mud-shot,muddy-water,night-shade,outrage,pain-split,phantom-force,protect,psychic-fangs,rain-dance,rest,scale-shot,scary-face,shadow-ball,sleep-talk,snowscape,soak,spite,substitute,surf,thrash,uproar,water-pulse,waterfall,wave-crash,whirlpool,zen-headbutt"
"902","basculegion-female","female","water","ghost","120","92","65","100","75","78","swift-swim","adaptability","mold-breaker","1100","30","10248","agility,aqua-jet,bite,blizzard,chilling-water,confuse-ray,crunch,double-edge,endeavor,endure,facade,flail,flip-turn,giga-impact,head-smash,hex,hydro-pump,hyper-beam,ice-beam,ice-fang,icy-wind,last-respects,liquidation,mud-shot,muddy-water,night-shade,outrage,pain-split,phantom-force,protect,psychic-fangs,rain-dance,rest,scale-shot,scary-face,shadow-ball,sleep-talk,snowscape,soak,spite,substitute,surf,thrash,uproar,water-pulse,waterfall,wave-crash,whirlpool,zen-headbutt"
"903","sneasler","","fighting","poison","80","130","60","40","80","120","pressure","unburden","poison-touch","430","13","903","close-combat,dire-claw,fake-out,protect,coaching,rock-tomb,throat-chop,rock-slide,gunk-shot,acid-spray,acrobatics,aerial-ace,agility,brick-break,bulk-up,calm-mind,counter,dig,double-hit,endure,facade,feint,fire-punch,fling,focus-blast,focus-punch,giga-impact,grass-knot,hyper-beam,lash-out,low-kick,low-sweep,nasty-plot,night-slash,poison-jab,quick-attack,quick-guard,rain-dance,rest,reversal,screech,shadow-ball,shadow-claw,sleep-talk,sludge-bomb,sludge-wave,spite,substitute,sunny-day,switcheroo,swords-dance,taunt,thief,toxic,toxic-spikes,trailblaze,u-turn,upper-hand,vacuum-wave,venoshock,x-scissor"
"908","meowscarada","","grass","dark","76","110","70","81","70","123","overgrow","protean","","312","15","908","acrobatics,aerial-ace,agility,ally-switch,aura-sphere,bite,brick-break,bullet-seed,charm,chilling-water,copycat,dark-pulse,double-team,endure,energy-ball,facade,fake-tears,fling,flower-trick,foul-play,frenzy-plant,giga-drain,giga-impact,grass-knot,grassy-glide,grassy-terrain,helping-hand,hyper-beam,knock-off,lash-out,leaf-storm,leech-seed,low-kick,low-sweep,mud-slap,nasty-plot,night-slash,petal-blizzard,play-rough,pollen-puff,power-gem,protect,psych-up,quick-attack,rest,seed-bomb,shadow-ball,shadow-claw,skill-swap,sleep-talk,solar-beam,spikes,substitute,sucker-punch,taunt,thief,throat-chop,thunder-punch,toxic-spikes,trailblaze,trick,trick-room,triple-axel,u-turn,worry-seed"
"911","skeledirge","","fire","ghost","104","75","100","110","75","66","blaze","unaware","","3265","16","911","alluring-voice,belch,bite,blast-burn,body-slam,burn-up,crunch,curse,dig,earth-power,earthquake,encore,endure,facade,fire-blast,fire-fang,fire-spin,flame-charge,flamethrower,flare-blitz,giga-impact,heat-crash,heat-wave,helping-hand,hex,hyper-beam,hyper-voice,imprison,mud-slap,night-shade,outrage,overheat,poltergeist,protect,rest,roar,round,scary-face,scorching-sands,seed-bomb,shadow-ball,shadow-claw,sing,slack-off,sleep-talk,snarl,solar-beam,stomping-tantrum,substitute,sunny-day,temper-flare,thunder-fang,torch-song,will-o-wisp,yawn,zen-headbutt"
"914","quaquaval","","water","fighting","85","120","80","85","75","85","torrent","moxie","","619","18","914","aqua-step,close-combat,swords-dance,triple-axel,acrobatics,aerial-ace,agility,air-cutter,air-slash,aqua-cutter,aqua-jet,baton-pass,brave-bird,brick-break,bulk-up,chilling-water,coaching,counter,detect,double-hit,encore,endeavor,endure,facade,feather-dance,fling,flip-turn,focus-energy,giga-impact,helping-hand,hurricane,hydro-cannon,hydro-pump,hyper-beam,ice-spinner,icy-wind,knock-off,last-resort,liquidation,low-kick,low-sweep,mega-kick,misty-terrain,protect,psych-up,rain-dance,rapid-spin,rest,reversal,roost,sleep-talk,substitute,surf,taunt,u-turn,upper-hand,water-pulse,wave-crash,whirlpool"
"925","maushold-family-of-three","","normal","","74","75","70","65","75","111","friend-guard","cheek-pouch","technician","28","3","10257","aerial-ace,agility,baby-doll-eyes,beat-up,bullet-seed,charm,chilling-water,copycat,crunch,dig,double-hit,double-edge,echoed-voice,encore,endure,facade,fake-tears,follow-me,giga-impact,grass-knot,helping-hand,hyper-beam,hyper-voice,low-kick,low-sweep,mud-shot,mud-slap,play-rough,population-bomb,pound,protect,rain-dance,rest,seed-bomb,shadow-claw,sleep-talk,substitute,sunny-day,super-fang,swift,take-down,taunt,tera-blast,thief,thunder-wave,tidy-up,trailblaze,u-turn,water-pulse"
"925","maushold-family-of-four","four","normal","","74","75","70","65","75","111","friend-guard","cheek-pouch","technician","23","3","925","aerial-ace,agility,baby-doll-eyes,beat-up,bullet-seed,charm,chilling-water,copycat,crunch,dig,double-hit,double-edge,echoed-voice,encore,endure,facade,fake-tears,follow-me,giga-impact,grass-knot,helping-hand,hyper-beam,hyper-voice,low-kick,low-sweep,mud-shot,mud-slap,play-rough,population-bomb,pound,protect,rain-dance,rest,seed-bomb,shadow-claw,sleep-talk,substitute,sunny-day,super-fang,swift,take-down,taunt,tera-blast,thief,thunder-wave,tidy-up,trailblaze,u-turn,water-pulse"
"934","garganacl","","rock","","100","100","130","45","90","35","purifying-salt","sturdy","clear-body","2400","23","934","block,body-press,body-slam,brick-break,bulldoze,curse,dig,double-edge,dynamic-punch,earth-power,earthquake,endure,explosion,facade,fire-punch,fissure,flash-cannon,fling,focus-punch,giga-impact,gravity,hammer-arm,hard-press,heavy-slam,helping-hand,hyper-beam,ice-punch,iron-defense,iron-head,meteor-beam,mud-shot,power-gem,protect,rain-dance,recover,rest,rock-blast,rock-polish,rock-slide,rock-tomb,salt-cure,sandstorm,sleep-talk,smack-down,stealth-rock,stomping-tantrum,stone-edge,substitute,sunny-day,thunder-punch,wide-guard,zen-headbutt"
"936","armarouge","","fire","psychic","85","60","100","125","80","75","flash-fire","weak-armor","","850","15","936","acid-spray,ally-switch,armor-cannon,aura-sphere,burn-up,calm-mind,clear-smog,confuse-ray,dark-pulse,destiny-bond,disable,dragon-pulse,endure,energy-ball,expanding-force,facade,fire-blast,fire-spin,flame-charge,flamethrower,flare-blitz,flash-cannon,fling,focus-blast,heat-wave,helping-hand,hyper-beam,iron-defense,lava-plume,light-screen,meteor-beam,mystical-fire,night-shade,overheat,protect,psych-up,psychic,psychic-terrain,psyshock,reflect,rest,scorching-sands,shadow-ball,sleep-talk,solar-beam,spite,stored-power,substitute,sunny-day,taunt,trick,trick-room,weather-ball,wide-guard,will-o-wisp"
"937","ceruledge","","fire","ghost","75","125","80","60","100","85","flash-fire","weak-armor","","620","16","937","ally-switch,bitter-blade,brick-break,bulk-up,burn-up,clear-smog,close-combat,confuse-ray,curse,destiny-bond,disable,dragon-claw,endure,facade,fire-blast,fire-spin,flame-charge,flamethrower,flare-blitz,fling,giga-impact,heat-wave,helping-hand,hex,iron-defense,iron-head,lava-plume,light-screen,night-shade,night-slash,overheat,phantom-force,poison-jab,poltergeist,protect,psych-up,psycho-cut,quick-guard,reflect,rest,shadow-ball,shadow-claw,shadow-sneak,sleep-talk,solar-blade,spite,stored-power,substitute,sunny-day,swords-dance,taunt,throat-chop,vacuum-wave,will-o-wisp,x-scissor"
"939","bellibolt","","electric","","109","64","91","103","83","45","electromorphosis","static","damp","1130","12","939","acid-spray,charge,charge-beam,chilling-water,confuse-ray,discharge,eerie-impulse,electric-terrain,electro-ball,electroweb,endure,flail,giga-impact,hyper-beam,hyper-voice,light-screen,mud-shot,mud-slap,muddy-water,parabolic-charge,protect,rain-dance,reflect,rest,slack-off,sleep-talk,soak,substitute,sucker-punch,supercell-slam,thunder,thunder-wave,thunderbolt,toxic,volt-switch,water-pulse,weather-ball,wild-charge,zap-cannon"
"952","scovillain","","grass","fire","65","108","65","108","65","75","chlorophyll","insomnia","moody","150","9","952","bite,bullet-seed,burning-jealousy,crunch,double-hit,endeavor,endure,energy-ball,facade,fire-blast,fire-fang,fire-spin,flamethrower,flare-blitz,giga-drain,giga-impact,grass-knot,grassy-glide,grassy-terrain,growth,helping-hand,hyper-beam,ingrain,lash-out,leaf-storm,leech-seed,overheat,protect,rage-powder,rest,sandstorm,scary-face,seed-bomb,sleep-talk,solar-beam,spicy-extract,stomping-tantrum,substitute,sunny-day,super-fang,swagger,temper-flare,thief,thunder-fang,trailblaze,will-o-wisp,worry-seed,zen-headbutt"
"956","espathra","","psychic","","95","60","60","101","60","105","opportunist","frisk","speed-boost","900","19","956","aerial-ace,agility,ally-switch,baby-doll-eyes,baton-pass,body-slam,brave-bird,calm-mind,confuse-ray,dazzling-gleam,double-edge,drill-peck,endure,energy-ball,expanding-force,facade,feather-dance,flash-cannon,foul-play,giga-impact,helping-hand,hex,hyper-beam,hyper-voice,hypnosis,last-resort,light-screen,low-kick,lumina-crash,mud-slap,night-shade,pluck,pounce,protect,psych-up,psychic,psychic-terrain,psyshock,quick-attack,rain-dance,reflect,rest,roost,sandstorm,seed-bomb,shadow-ball,skill-swap,sleep-talk,stored-power,substitute,sunny-day,thief,trick,trick-room,u-turn,uproar,zen-headbutt"
"959","tinkaton","","fairy","steel","85","75","77","70","105","94","mold-breaker","own-tempo","pickpocket","1128","7","959","encore,fake-out,gigaton-hammer,thunder-wave,baby-doll-eyes,brick-break,brutal-swing,bulldoze,covet,draining-kiss,endeavor,endure,facade,fake-tears,feint,flash-cannon,flatter,fling,foul-play,hard-press,heavy-slam,helping-hand,ice-hammer,knock-off,light-screen,metal-sound,play-rough,pounce,protect,quash,reflect,rest,rock-slide,rock-tomb,screech,skill-swap,skitter-smack,sleep-talk,smack-down,stealth-rock,steel-beam,stone-edge,substitute,sweet-kiss,swords-dance,thief,wood-hammer"
"964","palafin","","water","","100","70","72","53","62","100","zero-to-hero","","","602","13","964","jet-punch,close-combat,wave-crash,protect,flip-turn,ice-punch,acrobatics,agility,aqua-jet,aqua-tail,aura-sphere,blizzard,body-slam,boomburst,bounce,bulk-up,charm,chilling-water,counter,dive,double-hit,drain-punch,draining-kiss,encore,endeavor,endure,facade,fling,focus-blast,focus-energy,focus-punch,giga-impact,grass-knot,hard-press,haze,helping-hand,hydro-pump,hyper-beam,hyper-voice,ice-beam,icy-wind,iron-head,liquidation,outrage,psych-up,rain-dance,rest,reversal,sleep-talk,substitute,surf,taunt,throat-chop,tickle,water-pulse,waterfall,whirlpool,zen-headbutt"
"964","palafin-hero","hero","water","","100","160","97","106","87","100","zero-to-hero","","","974","18","10256","acrobatics,agility,aqua-jet,aqua-tail,astonish,aura-sphere,blizzard,body-slam,bulk-up,charm,chilling-water,close-combat,disarming-voice,dive,double-hit,drain-punch,draining-kiss,encore,endeavor,endure,facade,fling,flip-turn,focus-blast,focus-energy,focus-punch,giga-impact,grass-knot,hard-press,haze,helping-hand,hydro-pump,hyper-beam,hyper-voice,ice-beam,ice-punch,icy-wind,iron-head,jet-punch,liquidation,mist,outrage,protect,psych-up,rain-dance,rest,reversal,sleep-talk,substitute,supersonic,surf,swift,take-down,taunt,tera-blast,throat-chop,water-gun,water-pulse,waterfall,wave-crash,whirlpool,zen-headbutt"
"968","orthworm","","steel","","70","85","145","60","55","65","earth-eater","sand-veil","","3100","25","968","body-press,shed-tail,heavy-slam,iron-defense,protect,iron-head,body-slam,bulldoze,coil,curse,dig,double-edge,earth-power,earthquake,endure,facade,flash-cannon,giga-impact,helping-hand,high-horsepower,hyper-beam,iron-tail,metal-burst,metal-sound,mud-shot,mud-slap,rest,rock-blast,rock-slide,rock-tomb,sand-tomb,sandstorm,sleep-talk,smack-down,spikes,stealth-rock,steel-beam,stomping-tantrum,substitute,wrap"
"970","glimmora","","rock","poison","83","55","90","130","81","86","toxic-debris","corrosion","","450","15","970","sludge-bomb,spiky-shield,earth-power,power-gem,ancient-power,dazzling-gleam,acid-armor,acid-spray,confuse-ray,endure,energy-ball,explosion,facade,flash-cannon,giga-impact,gunk-shot,hyper-beam,iron-defense,light-screen,memento,meteor-beam,mortal-spin,mud-shot,protect,rain-dance,reflect,rest,rock-blast,rock-polish,rock-slide,rock-tomb,sand-tomb,sandstorm,self-destruct,sleep-talk,sludge-wave,smack-down,solar-beam,spikes,stealth-rock,stone-edge,substitute,sunny-day,toxic,toxic-spikes,venoshock"
"981","farigiraf","","normal","psychic","120","90","70","110","70","60","cud-chew","armor-tail","sap-sipper","1600","32","981","trick-room,hyper-voice,psychic,helping-hand,protect,imprison,foul-play,psychic-noise,psyshock,twin-beam,agility,ally-switch,amnesia,assurance,baton-pass,beat-up,body-slam,bulldoze,calm-mind,charge-beam,confuse-ray,crunch,curse,dazzling-gleam,double-hit,double-edge,earthquake,endeavor,endure,energy-ball,expanding-force,facade,future-sight,giga-impact,grass-knot,gravity,guard-swap,high-horsepower,hyper-beam,iron-head,light-screen,low-kick,mean-look,mirror-coat,nasty-plot,night-shade,power-swap,psych-up,psychic-fangs,psychic-terrain,rain-dance,reflect,rest,roar,shadow-ball,skill-swap,sleep-talk,stomping-tantrum,stored-power,substitute,sunny-day,thief,thunder,thunder-wave,thunderbolt,trailblaze,trick,uproar,wish,zen-headbutt"
"983","kingambit","","dark","steel","100","135","120","60","85","50","defiant","supreme-overlord","pressure","1200","20","983","protect,sucker-punch,kowtow-cleave,swords-dance,iron-head,low-kick,assurance,aerial-ace,air-slash,brick-break,dark-pulse,dig,endure,facade,flash-cannon,fling,focus-blast,foul-play,giga-impact,grass-knot,guillotine,hyper-beam,iron-defense,lash-out,low-sweep,mean-look,metal-burst,metal-sound,night-slash,poison-jab,quick-guard,rain-dance,rest,reversal,rock-tomb,sandstorm,scary-face,shadow-claw,sleep-talk,snarl,spite,stealth-rock,steel-beam,stone-edge,substitute,taunt,thief,throat-chop,thunder-wave,torment,x-scissor,zen-headbutt"
"1013","sinistcha","","grass","ghost","71","60","106","121","80","70","hospitality","heatproof","","22","2","1013","matcha-gotcha,rage-powder,trick-room,life-dew,protect,strength-sap,shadow-ball,calm-mind,curse,endure,energy-ball,foul-play,giga-drain,grassy-terrain,hex,hyper-beam,imprison,iron-defense,leaf-storm,memento,nasty-plot,night-shade,pain-split,phantom-force,poltergeist,psych-up,reflect,rest,scald,sleep-talk,solar-beam,spite,stun-spore,substitute,uproar"
"1018","archaludon","","steel","dragon","90","105","130","125","65","85","stamina","sturdy","stalwart","600","20","1018","electro-shot,flash-cannon,protect,dragon-pulse,draco-meteor,aura-sphere,snarl,thunderbolt,body-slam,breaking-swipe,brick-break,dark-pulse,double-edge,dragon-cheer,dragon-tail,earthquake,endure,facade,focus-energy,foul-play,giga-impact,gyro-ball,hard-press,heavy-slam,hyper-beam,iron-defense,iron-head,light-screen,metal-burst,metal-sound,meteor-beam,mirror-coat,night-slash,outrage,reflect,rest,roar,rock-slide,rock-tomb,scary-face,sleep-talk,smack-down,solar-beam,stealth-rock,steel-beam,stone-edge,substitute,swords-dance,thunder,thunder-wave"
"1019","hydrapple","","grass","dragon","106","80","110","120","80","44","supersweet-syrup","regenerator","sticky-hold","930","18","1019","body-press,body-slam,breaking-swipe,bug-bite,bullet-seed,curse,double-hit,double-edge,draco-meteor,dragon-cheer,dragon-pulse,dragon-tail,earth-power,earthquake,endure,energy-ball,facade,fickle-beam,giga-drain,giga-impact,grass-knot,grassy-glide,grassy-terrain,growth,gyro-ball,heavy-slam,hydro-pump,hyper-beam,infestation,leaf-storm,nasty-plot,outrage,pollen-puff,power-whip,protect,rain-dance,recover,recycle,reflect,rest,seed-bomb,sleep-talk,solar-beam,substitute,sucker-punch,sunny-day,sweet-scent,syrup-bomb,uproar,yawn"
"3","venusaur-mega","mega","grass","poison","80","100","123","122","120","80","thick-fat","","","1555","24","10033","sludge-bomb,protect,sleep-powder,leaf-storm,earth-power,energy-ball,leech-seed,acid-spray,giga-drain,amnesia,body-slam,bulldoze,bullet-seed,charm,curse,double-edge,earthquake,endure,facade,frenzy-plant,giga-impact,grass-knot,grassy-glide,grassy-terrain,growth,helping-hand,hyper-beam,ingrain,knock-off,light-screen,outrage,petal-blizzard,petal-dance,poison-jab,poison-powder,power-whip,rest,round,scary-face,seed-bomb,sleep-talk,sludge-wave,snore,solar-beam,stomping-tantrum,substitute,sunny-day,sweet-scent,swords-dance,synthesis,terrain-pulse,toxic,trailblaze,venoshock,weather-ball,worry-seed"
"6","charizard-mega-x","mega-x","fire","dragon","78","130","111","130","85","100","tough-claws","","","1105","17","10034","protect,heat-wave,solar-beam,weather-ball,overheat,air-slash,breaking-swipe,dragon-claw,dragon-dance,dragon-pulse,flamethrower,flare-blitz,acrobatics,aerial-ace,air-cutter,ancient-power,beat-up,belly-drum,bite,blast-burn,body-slam,brick-break,brutal-swing,bulldoze,counter,crunch,dig,double-edge,dragon-cheer,dragon-rush,dragon-tail,earthquake,endure,facade,fire-blast,fire-fang,fire-punch,fire-spin,flame-charge,fling,fly,focus-blast,focus-punch,giga-impact,heat-crash,helping-hand,hurricane,hyper-beam,inferno,iron-tail,mega-kick,outrage,rest,roar,rock-slide,rock-tomb,roost,round,sandstorm,scale-shot,scary-face,scorching-sands,shadow-claw,sleep-talk,snore,steel-wing,substitute,sunny-day,swords-dance,temper-flare,thunder-punch,will-o-wisp"
"6","charizard-mega-y","mega-y","fire","flying","78","104","78","159","115","100","drought","","","1005","17","10035","protect,heat-wave,solar-beam,weather-ball,overheat,air-slash,breaking-swipe,dragon-claw,dragon-dance,dragon-pulse,flamethrower,flare-blitz,acrobatics,aerial-ace,air-cutter,ancient-power,beat-up,belly-drum,bite,blast-burn,body-slam,brick-break,brutal-swing,bulldoze,counter,crunch,dig,double-edge,dragon-cheer,dragon-rush,dragon-tail,earthquake,endure,facade,fire-blast,fire-fang,fire-punch,fire-spin,flame-charge,fling,fly,focus-blast,focus-punch,giga-impact,heat-crash,helping-hand,hurricane,hyper-beam,inferno,iron-tail,mega-kick,outrage,rest,roar,rock-slide,rock-tomb,roost,round,sandstorm,scale-shot,scary-face,scorching-sands,shadow-claw,sleep-talk,snore,steel-wing,substitute,sunny-day,swords-dance,temper-flare,thunder-punch,will-o-wisp"
"9","blastoise-mega","mega","water","","79","103","120","135","115","78","mega-launcher","","","1011","16","10036","aqua-jet,aqua-ring,aqua-tail,aura-sphere,avalanche,bite,blizzard,body-press,body-slam,brick-break,bulldoze,chilling-water,crunch,dark-pulse,dig,dive,double-edge,dragon-pulse,earthquake,endure,facade,fake-out,flail,flash-cannon,fling,flip-turn,focus-blast,focus-punch,giga-impact,gyro-ball,haze,helping-hand,hydro-cannon,hydro-pump,hyper-beam,ice-beam,ice-punch,ice-spinner,iron-defense,iron-head,iron-tail,life-dew,liquidation,mega-kick,mirror-coat,mud-shot,muddy-water,outrage,protect,rain-dance,rapid-spin,rest,roar,rock-slide,rock-tomb,round,scary-face,shell-smash,sleep-talk,smack-down,snore,substitute,surf,terrain-pulse,water-pulse,water-spout,waterfall,wave-crash,weather-ball,whirlpool,yawn,zen-headbutt"
"15","beedrill-mega","mega","bug","poison","65","150","40","15","80","145","adaptability","","","405","14","10090","acrobatics,aerial-ace,agility,air-cutter,assurance,attract,baton-pass,brick-break,brutal-swing,bug-bite,bug-buzz,cross-poison,double-hit,double-edge,drill-run,dual-wingbeat,electroweb,endeavor,endure,facade,fell-stinger,focus-energy,giga-drain,giga-impact,hyper-beam,iron-defense,knock-off,lunge,payback,pin-missile,poison-jab,pollen-puff,pounce,protect,rest,round,screech,skitter-smack,sleep-talk,sludge-bomb,snore,solar-beam,string-shot,substitute,sunny-day,swords-dance,thief,throat-chop,toxic,toxic-spikes,u-turn,venoshock,x-scissor"
"18","pidgeot-mega","mega","normal","flying","83","80","80","135","80","121","no-guard","","","505","22","10073","aerial-ace,agility,air-slash,attract,brave-bird,dual-wingbeat,endure,facade,feather-dance,fly,giga-impact,heat-wave,hurricane,hyper-beam,protect,quick-attack,rain-dance,rest,roost,round,sky-attack,sleep-talk,snore,steel-wing,substitute,sunny-day,tailwind,thief,u-turn,uproar,whirlwind"
"36","clefable-mega","mega","fairy","flying","95","80","93","135","110","70","magic-bounce","","","423","17","10278","follow-me,moonblast,helping-hand,protect,icy-wind,life-dew,after-you,air-slash,alluring-voice,amnesia,baton-pass,blizzard,body-slam,bounce,brick-break,calm-mind,charge-beam,charm,chilling-water,copycat,cosmic-power,dazzling-gleam,dig,double-edge,drain-punch,draining-kiss,dual-wingbeat,encore,endeavor,endure,facade,fake-tears,fire-blast,fire-punch,flamethrower,fling,focus-blast,focus-punch,future-sight,giga-impact,grass-knot,gravity,heal-pulse,hyper-beam,hyper-voice,ice-beam,ice-punch,imprison,knock-off,light-screen,meteor-beam,meteor-mash,misty-explosion,misty-terrain,moonlight,mystical-fire,night-shade,play-rough,psych-up,psychic,psyshock,rain-dance,reflect,rest,round,safeguard,shadow-ball,sing,skill-swap,sleep-talk,snore,solar-beam,stealth-rock,stored-power,substitute,sunny-day,sweet-kiss,thief,thunder,thunder-punch,thunder-wave,thunderbolt,tickle,tri-attack,trick,uproar,water-pulse,wish,wonder-room,zen-headbutt"
"65","alakazam-mega","mega","psychic","","55","50","65","175","105","150","trace","","","480","12","10037","ally-switch,attract,body-slam,calm-mind,dazzling-gleam,disable,double-team,drain-punch,encore,endure,energy-ball,expanding-force,facade,fire-punch,fling,focus-blast,foul-play,future-sight,giga-impact,grass-knot,guard-split,guard-swap,hyper-beam,ice-punch,imprison,iron-tail,light-screen,magic-room,mega-kick,nasty-plot,power-swap,protect,psychic,psychic-terrain,psycho-cut,psyshock,rain-dance,recover,reflect,rest,role-play,round,safeguard,shadow-ball,skill-swap,sleep-talk,snore,speed-swap,stored-power,substitute,sunny-day,taunt,thief,thunder-punch,thunder-wave,tri-attack,trick,trick-room,wonder-room,zen-headbutt"
"71","victreebel-mega","mega","grass","poison","80","125","85","135","95","70","innards-out","","","1255","45","10279","acid-spray,body-slam,bug-bite,bullet-seed,clear-smog,encore,endure,energy-ball,gastro-acid,giga-drain,giga-impact,grass-knot,grassy-glide,growth,hyper-beam,ingrain,knock-off,leaf-blade,leaf-storm,leech-life,lunge,poison-jab,poison-powder,pounce,power-whip,protect,reflect,rest,round,scary-face,seed-bomb,sleep-powder,sleep-talk,sludge-bomb,sludge-wave,snore,solar-beam,spit-up,stockpile,strength-sap,stun-spore,substitute,sucker-punch,sunny-day,swallow,sweet-scent,swords-dance,synthesis,thief,tickle,toxic,toxic-spikes,trailblaze,venoshock,weather-ball,worry-seed,wrap"
"80","slowbro-mega","mega","water","psychic","95","75","180","130","80","30","shell-armor","","","1200","20","10071","amnesia,avalanche,belch,belly-drum,blizzard,block,body-press,body-slam,brick-break,bulldoze,calm-mind,chilling-water,curse,dig,disable,dive,drain-punch,earthquake,endure,expanding-force,facade,fire-blast,flamethrower,fling,focus-blast,focus-punch,foul-play,future-sight,giga-impact,grass-knot,heal-pulse,helping-hand,hydro-pump,hyper-beam,ice-beam,ice-punch,icy-wind,imprison,iron-defense,iron-tail,light-screen,liquidation,mud-shot,muddy-water,nasty-plot,protect,psych-up,psychic,psychic-noise,psychic-terrain,psyshock,rain-dance,razor-shell,rest,round,safeguard,scald,shadow-ball,skill-swap,slack-off,sleep-talk,snore,snowscape,stored-power,substitute,sunny-day,surf,thunder-wave,tri-attack,trick,trick-room,water-pulse,waterfall,weather-ball,whirlpool,wonder-room,yawn,zen-headbutt"
"94","gengar-mega","mega","ghost","poison","60","65","80","170","95","130","shadow-tag","","","405","14","10038","protect,shadow-ball,sludge-bomb,perish-song,disable,substitute,icy-wind,psychic,will-o-wisp,acid-spray,body-slam,brick-break,clear-smog,confuse-ray,corrosive-gas,curse,dark-pulse,dazzling-gleam,destiny-bond,drain-punch,endure,energy-ball,facade,fire-punch,fling,focus-blast,focus-punch,foul-play,giga-drain,giga-impact,gunk-shot,haze,hex,hyper-beam,hypnosis,ice-punch,imprison,knock-off,mean-look,nasty-plot,night-shade,pain-split,payback,phantom-force,poison-jab,poltergeist,psych-up,psychic-noise,rain-dance,reflect-type,rest,round,scary-face,self-destruct,shadow-claw,shadow-punch,skill-swap,skitter-smack,sleep-talk,sludge-wave,snore,spite,sucker-punch,sunny-day,taunt,thief,thunder,thunder-punch,thunder-wave,thunderbolt,toxic,toxic-spikes,trick,trick-room,venoshock,wonder-room"
"115","kangaskhan-mega","mega","normal","","105","125","100","60","100","100","parental-bond","","","1000","22","10039","fake-out,double-edge,sucker-punch,drain-punch,bite,body-slam,protect,substitute,assurance,attract,avalanche,beat-up,blizzard,brick-break,bulldoze,circle-throw,counter,crunch,dig,disable,double-hit,dynamic-punch,earthquake,endeavor,endure,facade,fire-blast,fire-punch,flamethrower,fling,focus-blast,focus-energy,giga-impact,hammer-arm,helping-hand,hydro-pump,hyper-beam,ice-beam,ice-punch,icy-wind,iron-tail,last-resort,low-kick,mega-kick,outrage,rain-dance,rest,reversal,rock-slide,rock-tomb,round,safeguard,sandstorm,shadow-ball,shadow-claw,sleep-talk,snore,solar-beam,sunny-day,surf,terrain-pulse,thief,thunder,thunder-punch,thunderbolt,uproar,whirlpool"
"121","starmie-mega","mega","water","psychic","60","100","105","130","105","120","huge-power","","","800","23","10280","liquidation,aqua-jet,ice-spinner,protect,psycho-cut,substitute,zen-headbutt,agility,ally-switch,ancient-power,avalanche,blizzard,bulk-up,charge-beam,chilling-water,confuse-ray,cosmic-power,dazzling-gleam,dive,double-edge,endure,expanding-force,facade,flash-cannon,flip-turn,giga-impact,grass-knot,gravity,gyro-ball,hydro-pump,hyper-beam,ice-beam,icy-wind,light-screen,meteor-beam,minimize,power-gem,psychic,psyshock,rain-dance,rapid-spin,recover,reflect,rest,round,safeguard,scald,self-destruct,skill-swap,sleep-talk,snore,surf,thunder,thunder-wave,thunderbolt,tri-attack,trick,trick-room,water-pulse,waterfall,whirlpool,wonder-room"
"127","pinsir-mega","mega","bug","flying","65","155","120","65","90","105","aerilate","","","590","17","10040","body-slam,feint,protect,quick-attack,aerial-ace,attract,bind,brick-break,brutal-swing,bug-bite,bulk-up,bulldoze,circle-throw,close-combat,detect,dig,double-hit,earthquake,endure,facade,flail,fling,focus-blast,focus-energy,giga-impact,guillotine,hard-press,helping-hand,high-horsepower,hyper-beam,iron-defense,lunge,pounce,rain-dance,rest,reversal,rock-slide,rock-tomb,round,seismic-toss,sleep-talk,snore,stone-edge,storm-throw,substitute,sunny-day,superpower,swords-dance,thief,thrash,throat-chop,x-scissor"
"130","gyarados-mega","mega","water","dark","95","155","109","70","130","81","mold-breaker","","","3050","65","10041","waterfall,thunder-wave,protect,taunt,helping-hand,ice-fang,crunch,dragon-dance,aqua-tail,avalanche,bite,blizzard,body-slam,bounce,brutal-swing,bulldoze,chilling-water,dark-pulse,dive,double-edge,dragon-cheer,dragon-pulse,dragon-rush,dragon-tail,earthquake,endeavor,endure,facade,fire-blast,flail,flamethrower,giga-impact,hurricane,hydro-pump,hyper-beam,ice-beam,icy-wind,iron-head,iron-tail,lash-out,muddy-water,outrage,payback,power-whip,rain-dance,rest,roar,round,sandstorm,scald,scale-shot,scary-face,sleep-talk,snore,spite,stone-edge,substitute,sunny-day,surf,swagger,temper-flare,thrash,thunder,thunderbolt,uproar,water-pulse,whirlpool"
"142","aerodactyl-mega","mega","rock","flying","80","135","85","70","95","150","tough-claws","","","790","21","10042","dual-wingbeat,protect,rock-slide,tailwind,aerial-ace,agility,ancient-power,assurance,attract,bite,brutal-swing,bulldoze,crunch,curse,dragon-claw,dragon-dance,dragon-pulse,earth-power,earthquake,endure,facade,fire-blast,fire-fang,flamethrower,fly,giga-impact,heat-wave,hurricane,hyper-beam,ice-fang,iron-head,iron-tail,meteor-beam,payback,psychic-fangs,rain-dance,rest,roar,rock-blast,rock-tomb,roost,round,sandstorm,scary-face,sky-attack,sleep-talk,snore,stealth-rock,steel-wing,stone-edge,substitute,sunny-day,swagger,taunt,thief,thunder-fang,whirlwind,wide-guard"
"149","dragonite-mega","mega","dragon","flying","91","124","115","145","125","100","multiscale","","","2900","22","10281","protect,extreme-speed,tailwind,hurricane,dragon-pulse,scale-shot,draco-meteor,low-kick,fire-spin,roost,breaking-swipe,dragon-claw,haze,ice-beam,outrage,rock-slide,thunder,thunderbolt,aerial-ace,agility,air-cutter,air-slash,aqua-jet,aqua-tail,blizzard,body-press,body-slam,brick-break,brutal-swing,bulldoze,chilling-water,dive,dragon-cheer,dragon-dance,dragon-rush,dragon-tail,earthquake,endure,facade,fire-blast,fire-punch,flamethrower,fling,fly,focus-blast,focus-punch,giga-impact,heat-wave,helping-hand,hydro-pump,hyper-beam,ice-punch,ice-spinner,icy-wind,iron-head,iron-tail,light-screen,mega-kick,rain-dance,rest,roar,rock-tomb,round,safeguard,sandstorm,scary-face,sleep-talk,snore,snowscape,steel-wing,stomping-tantrum,stone-edge,substitute,sunny-day,superpower,surf,thunder-punch,thunder-wave,water-pulse,waterfall,weather-ball,whirlwind,wrap"
"154","meganium-mega","mega","grass","fairy","80","92","115","143","115","80","mega-sol","","","2010","24","10282","dazzling-gleam,protect,solar-beam,weather-ball,ancient-power,body-press,body-slam,bulldoze,bullet-seed,charm,counter,curse,double-edge,dragon-tail,earth-power,earthquake,encore,endeavor,endure,energy-ball,facade,fake-tears,flail,frenzy-plant,giga-drain,giga-impact,grass-knot,grassy-glide,grassy-terrain,heal-pulse,helping-hand,hyper-beam,ingrain,iron-tail,knock-off,leaf-blade,leaf-storm,leech-seed,light-screen,mud-slap,outrage,petal-blizzard,petal-dance,poison-powder,pollen-puff,reflect,rest,round,safeguard,seed-bomb,sleep-talk,snore,solar-blade,stomping-tantrum,substitute,sunny-day,sweet-scent,swords-dance,synthesis,trailblaze,zen-headbutt"
"160","feraligatr-mega","mega","water","dragon","85","160","125","89","93","78","dragonize","","","1088","23","10283","aerial-ace,agility,ancient-power,aqua-jet,aqua-tail,avalanche,bite,blizzard,block,body-slam,breaking-swipe,brick-break,brutal-swing,bulldoze,chilling-water,counter,crunch,curse,dig,dive,double-edge,dragon-claw,dragon-dance,dragon-pulse,dragon-tail,earthquake,endeavor,endure,facade,fake-tears,flail,flatter,fling,flip-turn,focus-blast,focus-punch,giga-impact,helping-hand,hydro-cannon,hydro-pump,hyper-beam,ice-beam,ice-fang,ice-punch,icy-wind,iron-tail,lash-out,liquidation,low-kick,mega-kick,mud-shot,mud-slap,muddy-water,outrage,protect,psychic-fangs,rain-dance,rest,roar,rock-slide,rock-tomb,round,scale-shot,scary-face,screech,shadow-claw,sleep-talk,snarl,snore,spite,stomping-tantrum,substitute,superpower,surf,swords-dance,thief,thrash,trailblaze,uproar,water-pulse,waterfall,whirlpool"
"181","ampharos-mega","mega","electric","dragon","90","95","105","165","110","45","mold-breaker","","","615","14","10045","after-you,agility,body-slam,breaking-swipe,brick-break,brutal-swing,bulldoze,charge,charge-beam,confuse-ray,cotton-guard,cotton-spore,dazzling-gleam,dig,discharge,double-edge,dragon-cheer,dragon-pulse,dragon-tail,eerie-impulse,electric-terrain,electro-ball,electroweb,endeavor,endure,facade,fire-punch,flatter,fling,focus-blast,focus-punch,giga-impact,helping-hand,hyper-beam,ice-punch,iron-tail,light-screen,low-kick,magnetic-flux,mega-kick,meteor-beam,outrage,parabolic-charge,power-gem,protect,rain-dance,reflect,rest,rising-voltage,roar,round,safeguard,screech,sleep-talk,snore,stomping-tantrum,substitute,sunny-day,supercell-slam,thunder,thunder-punch,thunder-wave,thunderbolt,trailblaze,volt-switch,wild-charge,zap-cannon"
"208","steelix-mega","mega","steel","ground","75","125","230","55","95","30","sand-force","","","7400","105","10072","ancient-power,attract,bind,block,body-press,body-slam,breaking-swipe,brutal-swing,bulldoze,crunch,curse,dark-pulse,dig,double-edge,dragon-dance,dragon-pulse,dragon-tail,drill-run,earth-power,earthquake,endure,facade,fire-fang,fissure,flail,flash-cannon,giga-impact,gyro-ball,head-smash,heavy-slam,high-horsepower,hyper-beam,ice-fang,iron-defense,iron-head,iron-tail,magnet-rise,meteor-beam,payback,protect,psychic-fangs,rest,rock-blast,rock-polish,rock-slide,rock-tomb,round,sand-tomb,sandstorm,scary-face,scorching-sands,screech,self-destruct,sleep-talk,smack-down,snore,stealth-rock,steel-beam,steel-roller,stomping-tantrum,stone-edge,substitute,sunny-day,taunt,thunder-fang,wide-guard"
"212","scizor-mega","mega","bug","steel","70","150","140","65","100","75","technician","","","1250","20","10046","bullet-punch,protect,bug-bite,close-combat,knock-off,swords-dance,acrobatics,aerial-ace,agility,air-cutter,air-slash,assurance,baton-pass,brick-break,brutal-swing,bug-buzz,counter,curse,defog,double-hit,double-team,double-edge,dual-wingbeat,endure,facade,feint,flash-cannon,fling,focus-energy,giga-impact,hard-press,helping-hand,hyper-beam,iron-defense,iron-head,light-screen,lunge,night-slash,pounce,psycho-cut,quick-attack,quick-guard,rain-dance,rest,reversal,roost,round,sandstorm,scary-face,skitter-smack,sleep-talk,snore,steel-beam,steel-wing,struggle-bug,substitute,sunny-day,superpower,tailwind,thief,trailblaze,u-turn,vacuum-wave,x-scissor"
"214","heracross-mega","mega","bug","fighting","80","185","115","40","105","75","skill-link","","","625","17","10047","aerial-ace,assurance,body-slam,brick-break,brutal-swing,bug-bite,bug-buzz,bulk-up,bulldoze,bullet-seed,circle-throw,close-combat,coaching,counter,curse,detect,dig,double-edge,earthquake,endeavor,endure,facade,feint,flail,fling,focus-blast,focus-punch,giga-impact,helping-hand,high-horsepower,hyper-beam,iron-defense,knock-off,low-kick,lunge,megahorn,night-slash,pin-missile,pounce,protect,rain-dance,rest,reversal,rock-blast,rock-slide,rock-tomb,round,seismic-toss,shadow-claw,skitter-smack,sleep-talk,smack-down,smart-strike,snore,spikes,stone-edge,struggle-bug,substitute,sunny-day,swords-dance,thief,thrash,throat-chop,trailblaze,upper-hand,vacuum-wave"
"227","skarmory-mega","mega","steel","flying","65","140","110","40","100","110","stalwart","","","404","17","10284","brave-bird,iron-head,protect,tailwind,aerial-ace,agility,air-cutter,air-slash,assurance,body-press,curse,dark-pulse,drill-peck,drill-run,dual-wingbeat,endure,facade,feint,flash-cannon,fly,giga-impact,hurricane,hyper-beam,icy-wind,iron-defense,metal-sound,night-slash,payback,rest,reversal,roar,rock-slide,rock-tomb,roost,round,sand-tomb,sandstorm,sky-attack,sleep-talk,snore,spikes,stealth-rock,steel-beam,steel-wing,substitute,sunny-day,swords-dance,taunt,thief,whirlwind,x-scissor"
"229","houndoom-mega","mega","dark","fire","75","90","90","140","90","115","solar-power","","","495","19","10048","beat-up,bite,body-slam,burning-jealousy,comeuppance,counter,crunch,dark-pulse,destiny-bond,double-edge,endeavor,endure,facade,feint,fire-blast,fire-fang,fire-spin,flame-charge,flamethrower,flare-blitz,foul-play,giga-impact,heat-wave,helping-hand,howl,hyper-beam,hyper-voice,inferno,iron-tail,lash-out,mud-shot,mud-slap,nasty-plot,overheat,pain-split,payback,protect,psychic-fangs,rain-dance,rest,reversal,roar,round,scary-face,scorching-sands,shadow-ball,sleep-talk,sludge-bomb,snarl,snore,solar-beam,spite,substitute,sucker-punch,sunny-day,super-fang,swagger,taunt,temper-flare,thief,throat-chop,thunder-fang,torment,toxic,trailblaze,uproar,will-o-wisp"
"248","tyranitar-mega","mega","rock","dark","100","164","150","95","120","71","sand-stream","","","2550","25","10049","rock-slide,knock-off,low-kick,protect,ice-punch,stone-edge,high-horsepower,breaking-swipe,crunch,dragon-dance,earthquake,aerial-ace,ancient-power,assurance,avalanche,bite,blizzard,body-press,body-slam,brick-break,brutal-swing,bulldoze,curse,dark-pulse,dig,double-edge,dragon-claw,dragon-pulse,dragon-tail,earth-power,endure,facade,fire-blast,fire-fang,fire-punch,flamethrower,fling,focus-blast,focus-energy,focus-punch,foul-play,giga-impact,hard-press,heavy-slam,helping-hand,hydro-pump,hyper-beam,ice-beam,ice-fang,icy-wind,iron-defense,iron-head,iron-tail,lash-out,mega-kick,mud-shot,mud-slap,muddy-water,outrage,payback,power-gem,rain-dance,rest,roar,rock-blast,rock-tomb,round,sand-tomb,sandstorm,scary-face,screech,shadow-claw,sleep-talk,smack-down,snarl,snore,spite,stealth-rock,stomping-tantrum,substitute,sunny-day,superpower,surf,swagger,taunt,thrash,thunder,thunder-fang,thunder-punch,thunder-wave,thunderbolt,uproar"
"282","gardevoir-mega","mega","psychic","fairy","68","85","65","165","135","100","pixilate","","","484","16","10051","moonblast,psyshock,dazzling-gleam,hyper-voice,protect,psychic,aura-sphere,icy-wind,trick-room,calm-mind,alluring-voice,body-slam,charge-beam,charm,confuse-ray,destiny-bond,disable,double-team,draining-kiss,encore,endure,energy-ball,expanding-force,facade,fire-punch,fling,focus-blast,future-sight,giga-impact,grass-knot,gravity,guard-swap,heal-pulse,healing-wish,helping-hand,hyper-beam,hypnosis,ice-punch,imprison,knock-off,life-dew,light-screen,magic-room,mean-look,memento,misty-explosion,misty-terrain,mystical-fire,night-shade,pain-split,power-swap,psych-up,psychic-noise,psychic-terrain,rain-dance,reflect,rest,round,safeguard,shadow-ball,shadow-sneak,skill-swap,sleep-talk,snore,stored-power,substitute,sunny-day,swagger,taunt,thief,thunder-punch,thunder-wave,thunderbolt,trick,triple-axel,vacuum-wave,will-o-wisp,wish,wonder-room,zen-headbutt"
"302","sableye-mega","mega","dark","ghost","50","85","125","85","115","20","magic-bounce","","","1610","5","10066","encore,light-screen,rain-dance,reflect,aerial-ace,body-slam,brick-break,bulk-up,calm-mind,confuse-ray,dark-pulse,dazzling-gleam,detect,dig,disable,drain-punch,endure,energy-ball,facade,fake-out,feint,fire-punch,flatter,fling,focus-punch,foul-play,giga-drain,giga-impact,gravity,gyro-ball,helping-hand,hex,hyper-beam,ice-punch,icy-wind,imprison,knock-off,lash-out,low-kick,low-sweep,mean-look,mega-kick,metal-burst,mud-shot,mud-slap,nasty-plot,night-shade,night-slash,pain-split,payback,phantom-force,poison-jab,poltergeist,power-gem,protect,psych-up,psychic,quash,recover,rest,rock-tomb,round,safeguard,shadow-ball,shadow-claw,shadow-punch,shadow-sneak,skill-swap,skitter-smack,sleep-talk,snarl,snore,spite,substitute,sucker-punch,sunny-day,swagger,taunt,thief,throat-chop,thunder-punch,thunder-wave,torment,trick,will-o-wisp,wonder-room,x-scissor,zen-headbutt"
"306","aggron-mega","mega","steel","","70","140","230","60","80","50","filter","","","3950","22","10053","ancient-power,attract,avalanche,blizzard,body-press,body-slam,brick-break,brutal-swing,bulldoze,crunch,curse,dark-pulse,dig,double-edge,dragon-claw,dragon-pulse,dragon-rush,earth-power,earthquake,endeavor,endure,facade,fire-blast,fire-punch,flamethrower,flash-cannon,fling,focus-blast,giga-impact,head-smash,heavy-slam,high-horsepower,hydro-pump,hyper-beam,ice-beam,ice-punch,icy-wind,iron-defense,iron-head,iron-tail,low-kick,mega-kick,metal-burst,metal-sound,meteor-beam,mud-slap,outrage,payback,protect,rain-dance,rest,reversal,roar,rock-blast,rock-slide,rock-tomb,round,sand-tomb,sandstorm,scary-face,screech,shadow-claw,sleep-talk,smart-strike,snore,solar-beam,stealth-rock,steel-beam,steel-roller,stomping-tantrum,stone-edge,substitute,sunny-day,superpower,surf,swagger,taunt,thunder,thunder-punch,thunder-wave,thunderbolt,uproar,whirlpool"
"308","medicham-mega","mega","fighting","psychic","60","100","85","80","85","100","pure-power","","","315","13","10054","acupressure,aerial-ace,agility,aura-sphere,axe-kick,baton-pass,blaze-kick,body-slam,brick-break,bulk-up,bullet-punch,calm-mind,close-combat,coaching,counter,detect,drain-punch,dynamic-punch,endure,energy-ball,expanding-force,facade,fake-out,feint,fire-punch,fling,focus-blast,focus-punch,giga-impact,grass-knot,gravity,guard-swap,helping-hand,high-jump-kick,hyper-beam,ice-punch,imprison,light-screen,low-kick,low-sweep,mega-kick,night-shade,pain-split,poison-jab,power-swap,power-trick,protect,psych-up,psychic,psychic-terrain,psycho-cut,psyshock,quick-guard,rain-dance,recover,reflect,rest,reversal,rock-slide,rock-tomb,round,shadow-ball,skill-swap,sleep-talk,snore,stored-power,substitute,sunny-day,taunt,thief,thunder-punch,trailblaze,trick,trick-room,upper-hand,vacuum-wave,zen-headbutt"
"310","manectric-mega","mega","electric","","70","75","80","135","80","135","intimidate","","","440","18","10055","protect,snarl,thunderbolt,volt-switch,agility,attract,bite,body-slam,charge,charge-beam,crunch,curse,discharge,eerie-impulse,electric-terrain,electro-ball,endure,facade,fire-fang,flamethrower,giga-impact,howl,hyper-beam,hyper-voice,ice-fang,iron-tail,light-screen,overheat,pounce,psychic-fangs,quick-attack,rain-dance,rest,rising-voltage,roar,round,scary-face,sleep-talk,snore,substitute,supercell-slam,switcheroo,thief,thunder,thunder-fang,thunder-wave,trailblaze,uproar,wild-charge"
"319","sharpedo-mega","mega","water","dark","70","140","70","110","65","105","strong-jaw","","","1303","25","10070","agility,ancient-power,aqua-jet,assurance,attract,avalanche,bite,blizzard,bounce,bulldoze,chilling-water,close-combat,crunch,dark-pulse,destiny-bond,dive,double-edge,earthquake,endure,facade,flip-turn,focus-energy,giga-impact,hydro-pump,hyper-beam,ice-beam,ice-fang,icy-wind,liquidation,night-slash,payback,poison-fang,poison-jab,protect,psychic-fangs,rain-dance,rest,rock-tomb,round,scald,scale-shot,scary-face,screech,sleep-talk,snarl,snore,substitute,surf,swagger,taunt,thrash,uproar,water-pulse,waterfall,whirlpool,zen-headbutt"
"323","camerupt-mega","mega","fire","ground","70","120","100","145","105","20","sheer-force","","","3205","25","10087","amnesia,ancient-power,body-press,body-slam,bulldoze,burning-jealousy,charm,curse,dig,double-edge,earth-power,earthquake,endeavor,endure,eruption,facade,fire-blast,fire-spin,fissure,flame-charge,flamethrower,flare-blitz,flash-cannon,focus-energy,giga-impact,growth,heat-crash,heat-wave,heavy-slam,helping-hand,high-horsepower,howl,hyper-beam,iron-head,lash-out,lava-plume,mud-shot,mud-slap,overheat,protect,rain-dance,rest,roar,rock-slide,rock-tomb,round,sandstorm,scary-face,scorching-sands,self-destruct,sleep-talk,smack-down,snore,solar-beam,spit-up,stealth-rock,stockpile,stomping-tantrum,stone-edge,substitute,sunny-day,swallow,temper-flare,trailblaze,will-o-wisp,yawn,zen-headbutt"
"334","altaria-mega","mega","dragon","fairy","75","110","110","110","105","80","pixilate","","","206","15","10067","acrobatics,aerial-ace,agility,alluring-voice,body-slam,brave-bird,breaking-swipe,bulldoze,cotton-guard,dazzling-gleam,defog,double-edge,draco-meteor,dragon-cheer,dragon-claw,dragon-dance,dragon-pulse,dragon-rush,dual-wingbeat,earthquake,endeavor,endure,facade,feather-dance,fire-blast,fire-spin,flamethrower,fly,giga-impact,haze,heat-wave,helping-hand,hurricane,hyper-beam,hyper-voice,ice-beam,moonblast,outrage,perish-song,play-rough,pluck,power-swap,protect,rain-dance,rest,roar,roost,round,safeguard,sing,sky-attack,sleep-talk,snore,snowscape,solar-beam,steel-wing,substitute,sunny-day,tailwind,thief,trailblaze,uproar,weather-ball,will-o-wisp,wonder-room"
"354","banette-mega","mega","ghost","","64","165","75","93","83","75","prankster","","","130","12","10056","burning-jealousy,calm-mind,charge-beam,confuse-ray,curse,dark-pulse,dazzling-gleam,destiny-bond,disable,encore,endure,facade,fling,foul-play,giga-impact,gunk-shot,helping-hand,hex,hyper-beam,icy-wind,imprison,knock-off,lash-out,magic-room,nasty-plot,night-shade,pain-split,payback,phantom-force,poltergeist,pounce,protect,psych-up,psychic,rain-dance,rest,role-play,round,scary-face,screech,shadow-ball,shadow-claw,shadow-punch,shadow-sneak,skill-swap,skitter-smack,sleep-talk,snore,spite,substitute,sucker-punch,sunny-day,swagger,swords-dance,taunt,thief,throat-chop,thunder,thunder-wave,thunderbolt,torment,trailblaze,trick,trick-room,will-o-wisp,zen-headbutt"
"358","chimecho-mega","mega","psychic","steel","75","50","110","135","120","65","levitate","","","80","12","10306","ally-switch,baton-pass,boomburst,calm-mind,charge-beam,charm,cosmic-power,curse,dazzling-gleam,disable,double-edge,draining-kiss,encore,endure,energy-ball,expanding-force,extrasensory,facade,fake-tears,flash-cannon,future-sight,grass-knot,gravity,heal-bell,heal-pulse,healing-wish,helping-hand,hyper-beam,hypnosis,icy-wind,imprison,knock-off,light-screen,metal-sound,protect,psych-up,psychic,psychic-noise,psyshock,rain-dance,recover,recycle,reflect,rest,round,safeguard,screech,self-destruct,shadow-ball,skill-swap,sleep-talk,snarl,snore,stored-power,substitute,sunny-day,taunt,thunder-wave,trick,trick-room,uproar,wish,wrap,yawn,zen-headbutt"
"359","absol-mega","mega","dark","","65","150","60","115","60","115","magic-bounce","","","490","12","10057","aerial-ace,air-slash,assurance,attract,baton-pass,bite,blizzard,body-slam,bounce,brutal-swing,calm-mind,close-combat,confuse-ray,curse,dark-pulse,detect,double-team,double-edge,endure,facade,feint,fire-blast,flamethrower,focus-energy,foul-play,future-sight,giga-impact,hex,hyper-beam,ice-beam,icy-wind,iron-tail,knock-off,mean-look,megahorn,night-slash,payback,perish-song,phantom-force,play-rough,protect,psycho-cut,quick-attack,rain-dance,rest,rock-slide,rock-tomb,round,sandstorm,shadow-ball,shadow-claw,shadow-sneak,sleep-talk,snarl,snore,stone-edge,substitute,sucker-punch,sunny-day,superpower,swords-dance,taunt,thief,throat-chop,thunder,thunder-wave,thunderbolt,trailblaze,will-o-wisp,x-scissor,zen-headbutt"
"362","glalie-mega","mega","ice","","80","120","80","120","80","100","refrigerate","","","3502","21","10074","avalanche,bite,blizzard,block,body-slam,bulldoze,chilling-water,crunch,dark-pulse,disable,double-team,earthquake,endure,explosion,facade,fake-tears,foul-play,freeze-dry,frost-breath,giga-impact,gyro-ball,helping-hand,hex,hyper-beam,ice-beam,ice-fang,ice-shard,ice-spinner,icicle-crash,icicle-spear,icy-wind,iron-head,light-screen,payback,protect,rain-dance,rest,round,scary-face,self-destruct,shadow-ball,sheer-cold,sleep-talk,snore,snowscape,spikes,spite,steel-roller,substitute,switcheroo,taunt,trailblaze,water-pulse,weather-ball"
"428","lopunny-mega","mega","normal","fighting","65","136","94","54","96","135","scrappy","","","283","13","10088","close-combat,fake-out,protect,quick-attack,acrobatics,after-you,agility,assurance,attract,aura-sphere,baby-doll-eyes,baton-pass,blizzard,bounce,brutal-swing,charm,circle-throw,copycat,cosmic-power,cotton-guard,dig,double-hit,drain-punch,draining-kiss,dynamic-punch,encore,endure,entrainment,facade,fake-tears,fire-punch,flail,flatter,fling,focus-blast,focus-punch,giga-impact,grass-knot,healing-wish,helping-hand,high-jump-kick,hyper-beam,hyper-voice,ice-beam,ice-punch,iron-tail,low-kick,low-sweep,mach-punch,mega-kick,mirror-coat,payback,play-rough,pounce,rain-dance,rest,reversal,round,shadow-ball,sleep-talk,snore,solar-beam,substitute,sunny-day,sweet-kiss,switcheroo,swords-dance,teeter-dance,thunder,thunder-punch,thunder-wave,thunderbolt,trailblaze,triple-axel,u-turn,uproar"
"445","garchomp-mega","mega","dragon","ground","108","170","115","120","95","92","sand-force","","","950","19","10058","dragon-claw,earthquake,rock-slide,protect,stomping-tantrum,bulldoze,swords-dance,stone-edge,poison-jab,high-horsepower,rock-tomb,scale-shot,aerial-ace,bite,body-slam,breaking-swipe,brick-break,brutal-swing,crunch,dig,double-edge,draco-meteor,dragon-cheer,dragon-pulse,dragon-rush,dragon-tail,earth-power,endure,facade,fire-blast,fire-fang,flamethrower,fling,giga-impact,helping-hand,hyper-beam,iron-head,iron-tail,liquidation,mud-shot,outrage,power-gem,rain-dance,rest,round,sand-tomb,sandstorm,scary-face,scorching-sands,shadow-claw,sleep-talk,snore,spikes,stealth-rock,substitute,sunny-day,surf,thrash,thunder-fang"
"448","lucario-mega","mega","fighting","steel","70","145","88","140","70","112","adaptability","","","575","13","10059","aerial-ace,agility,aura-sphere,bite,blaze-kick,body-slam,bone-rush,brick-break,bulk-up,bulldoze,bullet-punch,calm-mind,circle-throw,close-combat,coaching,copycat,counter,cross-chop,crunch,dark-pulse,detect,dig,dragon-pulse,drain-punch,earthquake,endure,extreme-speed,facade,feint,final-gambit,flash-cannon,fling,focus-blast,focus-energy,focus-punch,giga-impact,heal-pulse,helping-hand,high-jump-kick,howl,hyper-beam,ice-punch,iron-defense,iron-tail,life-dew,low-kick,low-sweep,mega-kick,metal-sound,meteor-mash,nasty-plot,payback,poison-jab,protect,psych-up,psychic,quick-attack,quick-guard,rain-dance,rest,reversal,roar,rock-slide,rock-tomb,round,scary-face,screech,shadow-ball,shadow-claw,sleep-talk,snore,steel-beam,stone-edge,substitute,sunny-day,swords-dance,terrain-pulse,thunder-punch,trailblaze,upper-hand,vacuum-wave,water-pulse,zen-headbutt"
"460","abomasnow-mega","mega","grass","ice","90","132","105","132","105","30","snow-warning","","","1850","27","10060","aurora-veil,avalanche,blizzard,body-press,body-slam,brick-break,bulldoze,bullet-seed,chilling-water,curse,double-edge,earth-power,earthquake,endure,energy-ball,facade,fling,focus-blast,focus-punch,frost-breath,giga-drain,giga-impact,grass-knot,grassy-glide,growth,hard-press,helping-hand,hyper-beam,ice-beam,ice-hammer,ice-punch,ice-shard,ice-spinner,icicle-spear,icy-wind,ingrain,iron-tail,leaf-storm,leech-seed,low-kick,mega-kick,mud-slap,outrage,protect,rain-dance,rest,rock-slide,rock-tomb,round,scary-face,seed-bomb,shadow-ball,sheer-cold,sleep-talk,snore,snowscape,solar-beam,stomping-tantrum,substitute,swagger,swords-dance,trailblaze,water-pulse,weather-ball,wood-hammer"
"475","gallade-mega","mega","psychic","fighting","68","165","95","65","115","110","inner-focus","","","564","16","10068","protect,psycho-cut,sacred-sword,encore,knock-off,aerial-ace,agility,air-slash,alluring-voice,aqua-cutter,aura-sphere,body-slam,brick-break,bulk-up,bulldoze,calm-mind,charge-beam,charm,close-combat,coaching,confuse-ray,dazzling-gleam,destiny-bond,disable,double-team,drain-punch,draining-kiss,earthquake,endure,energy-ball,expanding-force,facade,feint,fire-punch,fling,focus-blast,focus-punch,future-sight,giga-impact,grass-knot,heal-pulse,helping-hand,hex,hyper-beam,hyper-voice,hypnosis,ice-punch,icy-wind,imprison,leaf-blade,life-dew,light-screen,low-kick,low-sweep,magic-room,mean-look,mega-kick,memento,misty-terrain,mystical-fire,night-shade,night-slash,pain-split,poison-jab,psych-up,psychic,psychic-terrain,psyshock,quick-guard,rain-dance,reflect,rest,reversal,rock-slide,rock-tomb,round,safeguard,shadow-ball,shadow-claw,shadow-sneak,skill-swap,sleep-talk,snore,solar-blade,stone-edge,stored-power,substitute,sunny-day,swords-dance,taunt,thief,throat-chop,thunder-punch,thunder-wave,thunderbolt,trick,trick-room,triple-axel,upper-hand,vacuum-wave"
"478","froslass-mega","mega","ice","ghost","70","80","70","140","100","120","snow-warning","","","296","26","10285","blizzard,protect,shadow-ball,aurora-veil,taunt,avalanche,bite,block,body-slam,charm,chilling-water,confuse-ray,crunch,curse,destiny-bond,disable,double-team,draining-kiss,endure,facade,fake-tears,fling,frost-breath,giga-impact,haze,helping-hand,hex,hyper-beam,ice-beam,ice-fang,ice-punch,ice-shard,ice-spinner,icicle-crash,icicle-spear,icy-wind,imprison,light-screen,nasty-plot,night-shade,pain-split,payback,phantom-force,poltergeist,psych-up,psychic,rain-dance,reflect,rest,round,safeguard,scary-face,sleep-talk,snore,snowscape,spikes,spite,substitute,switcheroo,thunder,thunder-wave,thunderbolt,trailblaze,trick,triple-axel,water-pulse,weather-ball,will-o-wisp"
"500","emboar-mega","mega","fire","fighting","110","148","75","110","110","75","mold-breaker","","","1803","18","10286","assurance,blast-burn,body-press,body-slam,brick-break,bulk-up,bulldoze,burn-up,close-combat,coaching,curse,dig,double-edge,drain-punch,earthquake,endeavor,endure,facade,fire-blast,fire-punch,fire-spin,flame-charge,flamethrower,flare-blitz,fling,focus-blast,focus-energy,focus-punch,giga-impact,grass-knot,gyro-ball,hammer-arm,hard-press,head-smash,heat-crash,heat-wave,heavy-slam,helping-hand,high-horsepower,hyper-beam,iron-head,iron-tail,knock-off,low-kick,low-sweep,mud-slap,overheat,poison-jab,protect,rest,reversal,roar,rock-slide,rock-tomb,round,scald,scary-face,scorching-sands,sleep-talk,smack-down,snore,solar-beam,solar-blade,stomping-tantrum,stone-edge,storm-throw,substitute,sucker-punch,sunny-day,superpower,taunt,temper-flare,thrash,thunder-punch,trailblaze,wild-charge,will-o-wisp,yawn,zen-headbutt"
"530","excadrill-mega","mega","ground","steel","110","165","100","65","65","103","piercing-drill","","","600","9","10287","iron-head,protect,high-horsepower,rock-slide,earthquake,fissure,aerial-ace,body-slam,brick-break,brutal-swing,bulldoze,crush-claw,curse,dig,double-edge,drill-run,earth-power,endure,facade,fling,focus-blast,giga-impact,helping-hand,horn-drill,hyper-beam,iron-defense,megahorn,metal-sound,mud-shot,mud-slap,poison-jab,rapid-spin,rest,rock-blast,rock-tomb,round,sand-tomb,sandstorm,scary-face,scorching-sands,shadow-claw,sleep-talk,sludge-bomb,smart-strike,snore,stealth-rock,steel-beam,stomping-tantrum,substitute,sunny-day,swords-dance,throat-chop,x-scissor"
"531","audino-mega","mega","normal","fairy","103","60","126","80","126","50","healer","","","320","15","10069","after-you,ally-switch,amnesia,attract,baby-doll-eyes,blizzard,body-slam,calm-mind,chilling-water,dazzling-gleam,dig,double-edge,drain-punch,draining-kiss,encore,endure,entrainment,facade,fire-blast,fire-punch,flamethrower,fling,giga-impact,grass-knot,heal-pulse,healing-wish,helping-hand,hyper-beam,hyper-voice,ice-beam,ice-punch,icy-wind,iron-tail,last-resort,life-dew,light-screen,low-kick,mega-kick,misty-terrain,protect,psychic,psyshock,rain-dance,reflect,rest,round,safeguard,shadow-ball,simple-beam,skill-swap,sleep-talk,snore,solar-beam,stomping-tantrum,substitute,sunny-day,surf,sweet-kiss,throat-chop,thunder,thunder-punch,thunder-wave,thunderbolt,trick-room,uproar,wild-charge,wish,yawn,zen-headbutt"
"609","chandelure-mega","mega","ghost","fire","60","75","110","175","110","90","infiltrator","","","696","25","10291","acid-armor,burning-jealousy,calm-mind,clear-smog,confuse-ray,curse,dark-pulse,double-team,endure,energy-ball,facade,fire-blast,fire-spin,flame-charge,flamethrower,flare-blitz,giga-impact,haze,heat-wave,hex,hyper-beam,imprison,inferno,lash-out,memento,minimize,mystical-fire,night-shade,overheat,pain-split,payback,poltergeist,power-split,protect,psych-up,psychic,rest,round,safeguard,shadow-ball,skitter-smack,sleep-talk,snore,solar-beam,spite,substitute,sunny-day,taunt,temper-flare,thief,trailblaze,trick,trick-room,will-o-wisp"
"623","golurk-mega","mega","ground","ghost","89","159","105","70","105","55","unseen-fist","","","3300","40","10313","headlong-rush,poltergeist,protect,hammer-arm,rock-slide,body-press,body-slam,brick-break,bulldoze,charge-beam,close-combat,confuse-ray,curse,dig,double-edge,drain-punch,dynamic-punch,earth-power,earthquake,endure,facade,fire-punch,flash-cannon,fling,fly,focus-blast,focus-punch,giga-impact,grass-knot,gravity,gyro-ball,hard-press,heat-crash,heavy-slam,helping-hand,hex,high-horsepower,hyper-beam,ice-beam,ice-punch,icy-wind,imprison,iron-defense,iron-head,knock-off,low-kick,low-sweep,mega-kick,mud-slap,night-shade,phantom-force,psych-up,psychic,rain-dance,reflect,rest,rock-tomb,round,sandstorm,scorching-sands,self-destruct,shadow-ball,shadow-punch,sleep-talk,smack-down,snore,solar-beam,stealth-rock,stomping-tantrum,stone-edge,substitute,sunny-day,superpower,thief,thunder-punch,thunderbolt,trick,zen-headbutt"
"652","chesnaught-mega","mega","grass","fighting","88","137","172","74","115","44","bulletproof","","","900","16","10292","aerial-ace,belly-drum,bite,body-press,body-slam,brick-break,bulk-up,bulldoze,bullet-seed,close-combat,coaching,crunch,curse,dig,double-edge,dragon-claw,drain-punch,earthquake,endeavor,endure,energy-ball,facade,feint,fling,focus-blast,focus-punch,frenzy-plant,giga-drain,giga-impact,grass-knot,grassy-glide,grassy-terrain,growth,gyro-ball,hammer-arm,helping-hand,high-horsepower,hyper-beam,iron-defense,iron-head,iron-tail,knock-off,leaf-storm,leech-seed,low-kick,low-sweep,mud-shot,mud-slap,pain-split,payback,pin-missile,poison-jab,protect,quick-guard,rain-dance,reflect,rest,reversal,roar,rock-slide,rock-tomb,round,scary-face,seed-bomb,shadow-claw,sleep-talk,sludge-bomb,smack-down,snore,solar-beam,spikes,spiky-shield,steel-roller,stomping-tantrum,stone-edge,substitute,sunny-day,super-fang,superpower,swords-dance,synthesis,taunt,thunder-punch,trailblaze,wide-guard,wood-hammer,zen-headbutt"
"655","delphox-mega","mega","fire","psychic","75","69","72","159","125","134","levitate","","","390","15","10293","heat-wave,psychic,protect,substitute,calm-mind,encore,grass-knot,agility,blast-burn,burning-jealousy,charm,confuse-ray,copycat,dazzling-gleam,double-team,endure,expanding-force,facade,fire-blast,fire-punch,fire-spin,flame-charge,flamethrower,flare-blitz,focus-blast,foul-play,future-sight,giga-impact,helping-hand,hex,howl,hyper-beam,hyper-voice,hypnosis,imprison,iron-tail,light-screen,low-kick,magic-room,mud-shot,mud-slap,mystical-fire,nasty-plot,night-shade,overheat,psych-up,psychic-noise,psychic-terrain,psyshock,rain-dance,reflect,rest,role-play,round,safeguard,scorching-sands,shadow-ball,skill-swap,sleep-talk,snore,solar-beam,stored-power,sunny-day,switcheroo,thief,thunder-punch,trick,trick-room,will-o-wisp,wish,wonder-room,zen-headbutt"
"658","greninja-mega","mega","water","dark","72","125","77","133","81","142","protean","","","400","15","10294","dark-pulse,hydro-pump,ice-beam,protect,acrobatics,aerial-ace,blizzard,bounce,brick-break,brutal-swing,chilling-water,counter,dig,dive,double-team,endure,extrasensory,facade,fling,flip-turn,giga-impact,grass-knot,gunk-shot,haze,helping-hand,hydro-cannon,hyper-beam,ice-punch,icy-wind,liquidation,low-kick,low-sweep,mud-shot,mud-slap,night-slash,quick-attack,rain-dance,rest,rock-slide,rock-tomb,role-play,round,shadow-sneak,skitter-smack,sleep-talk,sludge-wave,smack-down,snore,snowscape,spikes,substitute,surf,switcheroo,swords-dance,taunt,thief,toxic-spikes,trailblaze,u-turn,upper-hand,water-pulse,water-shuriken,waterfall,weather-ball"
"670","floette-mega","mega","fairy","","74","85","87","155","148","102","fairy-aura","","","1008","2","10296","calm-mind,protect,moonblast,dazzling-gleam,draining-kiss,alluring-voice,baton-pass,charm,chilling-water,copycat,endeavor,endure,energy-ball,facade,giga-drain,grass-knot,grassy-terrain,helping-hand,hyper-beam,light-of-ruin,light-screen,misty-terrain,petal-blizzard,petal-dance,pollen-puff,psychic,rain-dance,rest,safeguard,seed-bomb,skill-swap,sleep-talk,solar-beam,stored-power,substitute,sunny-day,synthesis,tearful-look,trailblaze,trick,wish"
"678","meowstic-mega","mega","psychic","","74","48","76","143","101","124","trace","","","101","8","10314","alluring-voice,baton-pass,calm-mind,charge-beam,charm,covet,dark-pulse,dig,endure,energy-ball,expanding-force,extrasensory,facade,fake-out,fake-tears,future-sight,giga-impact,gravity,helping-hand,hyper-beam,imprison,iron-tail,light-screen,magic-room,mean-look,misty-terrain,nasty-plot,payback,play-rough,protect,psych-up,psychic,psychic-noise,psychic-terrain,psyshock,quick-guard,rain-dance,reflect,rest,role-play,round,safeguard,shadow-ball,skill-swap,sleep-talk,snore,stored-power,substitute,sucker-punch,sunny-day,tail-slap,thunder-wave,thunderbolt,tickle,trailblaze,trick,trick-room,wish,wonder-room,yawn,zen-headbutt"
"701","hawlucha-mega","mega","fighting","flying","78","137","100","74","93","118","no-guard","","","250","10","10300","dual-wingbeat,entrainment,flying-press,protect,acrobatics,aerial-ace,agility,air-slash,assurance,baton-pass,body-press,body-slam,bounce,brave-bird,brick-break,bulk-up,close-combat,coaching,cross-chop,defog,detect,dig,drain-punch,encore,endeavor,endure,facade,feather-dance,feint,fire-punch,fling,fly,focus-blast,focus-punch,giga-impact,grass-knot,helping-hand,high-jump-kick,hyper-beam,iron-head,low-kick,low-sweep,lunge,mean-look,mega-kick,payback,poison-jab,quick-guard,rain-dance,rest,reversal,rock-slide,rock-tomb,roost,round,sky-attack,sleep-talk,snore,steel-wing,stone-edge,substitute,sunny-day,superpower,swords-dance,taunt,thief,throat-chop,thunder-punch,trailblaze,u-turn,upper-hand,uproar,x-scissor,zen-headbutt"
"740","crabominable-mega","mega","fighting","ice","97","157","122","62","107","33","iron-fist","","","2528","26","10315","amnesia,avalanche,blizzard,body-press,body-slam,brick-break,brutal-swing,bulk-up,bulldoze,chilling-water,close-combat,coaching,crabhammer,dig,drain-punch,dynamic-punch,earthquake,endeavor,endure,facade,fling,focus-blast,focus-punch,giga-impact,gunk-shot,hard-press,helping-hand,hyper-beam,ice-beam,ice-hammer,ice-punch,ice-spinner,icicle-spear,icy-wind,iron-defense,iron-head,knock-off,liquidation,mach-punch,mud-shot,mud-slap,payback,protect,rain-dance,rest,reversal,rock-slide,rock-tomb,round,scary-face,sleep-talk,snore,snowscape,stomping-tantrum,substitute,sunny-day,superpower,swagger,thief,thunder-punch,upper-hand,wide-guard,zen-headbutt"
"780","drampa-mega","mega","normal","dragon","78","85","110","160","116","36","berserk","","","2405","30","10302","dragon-pulse,hyper-voice,protect,roost,amnesia,attract,blizzard,body-slam,breaking-swipe,bulldoze,calm-mind,draco-meteor,dragon-cheer,dragon-claw,dragon-dance,dragon-rush,earth-power,earthquake,endure,energy-ball,extrasensory,facade,fire-blast,flamethrower,fling,fly,focus-blast,giga-impact,glare,grass-knot,heat-wave,helping-hand,hurricane,hydro-pump,hyper-beam,ice-beam,icy-wind,lash-out,light-screen,outrage,play-rough,rain-dance,rest,rock-slide,round,safeguard,scale-shot,shadow-ball,shadow-claw,sleep-talk,snarl,snore,solar-beam,steel-wing,stomping-tantrum,substitute,sunny-day,superpower,surf,thunder,thunder-wave,thunderbolt,tickle,tri-attack,uproar,whirlwind"
"952","scovillain-mega","mega","grass","fire","65","138","85","138","85","75","spicy-spray","","","220","12","10320","bite,bullet-seed,burning-jealousy,crunch,double-hit,endeavor,endure,energy-ball,facade,fire-blast,fire-fang,fire-spin,flamethrower,flare-blitz,giga-drain,giga-impact,grass-knot,grassy-glide,grassy-terrain,growth,helping-hand,hyper-beam,ingrain,lash-out,leaf-storm,leech-seed,overheat,protect,rage-powder,rest,sandstorm,scary-face,seed-bomb,sleep-talk,solar-beam,spicy-extract,stomping-tantrum,substitute,sunny-day,super-fang,swagger,temper-flare,thief,thunder-fang,trailblaze,will-o-wisp,worry-seed,zen-headbutt"
"970","glimmora-mega","mega","rock","poison","83","90","105","150","96","101","adaptability","","","770","28","10321","sludge-bomb,spiky-shield,earth-power,power-gem,ancient-power,dazzling-gleam,acid-armor,acid-spray,confuse-ray,endure,energy-ball,explosion,facade,flash-cannon,giga-impact,gunk-shot,hyper-beam,iron-defense,light-screen,memento,meteor-beam,mortal-spin,mud-shot,protect,rain-dance,reflect,rest,rock-blast,rock-polish,rock-slide,rock-tomb,sand-tomb,sandstorm,self-destruct,sleep-talk,sludge-wave,smack-down,solar-beam,spikes,stealth-rock,stone-edge,substitute,sunny-day,toxic,toxic-spikes,venoshock"
